stylistic_analysis.sentence_rhythm.average_change,readability_metrics.automated_readability_index,stylistic_analysis.sentence_rhythm.average_sentence_length,readability_metrics.flesch_kincaid_grade,stylistic_analysis.rhetorical_devices.variety,stylistic_analysis.linguistic_metrics.num_subordinate_clauses,readability_metrics.gunning_fog,stylistic_analysis.semantic_density.entropy
5.15,3.5,11.761904761904763,2.9,7,18,5.01,4.707624503588429
12.125,5.2,18.235294117647058,4.6,7,28,6.77,4.719053065122894
11.203703703703704,8.9,17.145454545454545,5.5,10,77,8.76,5.6405380260924325
8.558823529411764,6.2,13.855072463768115,4.5,10,48,6.59,5.646518984808477
10.8,6.5,16.363636363636363,5.2,7,13,7.19,4.357825956897344
8.61111111111111,5.8,16.243243243243242,4.0,10,49,6.68,5.345639275085492
8.578947368421053,5.0,17.25,4.3,7,17,6.06,4.187243019155351
9.327586206896552,5.3,16.64406779661017,4.1,10,90,6.11,5.3412416274048775
16.425925925925927,9.3,18.236363636363638,6.7,13,82,8.79,5.606868540264877
4.4,3.8,15.0,3.7,5,20,5.8,4.355776896268757
19.714285714285715,7.3,22.25,5.0,6,20,8.31,4.333056012118382
9.81081081081081,9.7,21.210526315789473,6.8,10,60,9.36,5.526246696115797
8.893939393939394,2.8,14.656716417910447,2.1,19,66,5.03,5.4942888298971075
8.88888888888889,5.8,16.736842105263158,4.9,9,26,7.58,4.8405958667029
3.861111111111111,2.4,10.405405405405405,1.8,10,26,4.42,4.959289653776084
5.6,3.9,11.075757575757576,3.7,7,53,5.82,5.309980664103629
18.386363636363637,8.5,21.68888888888889,5.9,10,64,9.09,5.486550271833287
6.0,4.6,10.466666666666667,2.6,6,7,6.06,4.455137807251572
11.428571428571429,8.0,19.545454545454547,5.3,8,25,8.26,5.081819806315682
7.72093023255814,3.3,11.954545454545455,2.6,10,40,5.41,5.0165745507554735
15.0,7.5,16.310344827586206,5.4,14,70,7.49,5.598608250777721
9.333333333333334,5.8,14.0,3.4,10,48,6.81,5.254968304698195
8.1,3.5,9.571428571428571,2.0,5,13,4.03,4.3957022863514466
5.253012048192771,7.2,6.511904761904762,3.0,6,19,5.12,5.051168253786148
9.8,4.8,15.568627450980392,4.1,8,70,6.45,5.307679979101241
7.416666666666667,6.1,15.901639344262295,3.9,13,62,6.68,5.429953311375548
4.166666666666667,2.7,8.64,0.0,6,6,3.0,4.501919331859441
14.714285714285714,6.6,20.266666666666666,5.9,8,38,8.48,4.77015093289624
9.6,5.9,19.483870967741936,5.0,11,68,7.73,5.245868321149762
7.785714285714286,4.3,11.666666666666666,2.2,3,5,4.58,4.458430340241314
8.6,4.5,12.741935483870968,3.4,11,30,6.37,5.066890242821927
6.397435897435898,3.6,12.189873417721518,2.7,11,97,4.78,5.505640433633001
6.488888888888889,3.9,11.021739130434783,1.6,8,40,4.77,5.087909115883411
6.095890410958904,3.1,12.891891891891891,2.7,7,78,5.15,5.413130013621377
9.724137931034482,8.1,19.566666666666666,5.4,10,55,8.06,5.284513036911652
5.76,4.6,12.115384615384615,2.7,10,32,5.4,4.968849115633269
9.533333333333333,10.1,16.5,6.1,9,13,8.59,4.7713192532856
12.224489795918368,8.3,19.48,6.5,9,80,8.74,5.5063515108834755
6.019607843137255,3.0,11.73076923076923,2.5,9,33,4.74,5.157087513294197
13.75,9.4,24.097560975609756,7.5,11,87,9.7,5.504003220564157
5.928571428571429,9.3,26.2,6.3,8,38,8.84,4.902660872387953
21.5,76.8,33.8,60.2,6,18,63.2,4.610277994495833
4.387387387387387,0.8,8.455357142857142,0.4,10,53,3.58,5.475228528125552
5.85,3.0,11.37037037037037,2.4,1,40,4.44,5.294388368667823
6.0,4.1,13.5,2.9,2,18,6.22,4.492242410976724
9.11111111111111,7.2,16.72972972972973,4.7,12,48,7.51,5.247632076012367
9.512820512820513,6.5,16.1,5.3,11,75,7.59,5.288808920266376
13.0,7.7,17.256410256410255,5.0,9,35,7.24,5.24205395369038
19.95,7.1,26.146341463414632,4.3,9,78,7.39,5.317889273892481
14.357142857142858,6.5,11.517241379310345,2.4,5,11,6.07,4.958057938410901
7.361111111111111,3.5,13.315068493150685,3.3,11,85,5.66,5.380251049866125
16.333333333333332,6.9,23.28,5.1,6,51,8.11,5.019507259767844
9.757575757575758,11.1,22.176470588235293,7.0,11,45,9.56,5.447142509693892
7.264705882352941,6.4,11.885714285714286,3.8,8,25,6.42,5.1911525868790385
8.73076923076923,3.8,12.189873417721518,2.4,12,63,4.59,5.52736041146272
6.098039215686274,4.3,14.192307692307692,2.9,6,62,5.13,5.348970976971437
13.8,7.6,16.46153846153846,5.6,7,38,7.68,5.161206411662781
5.857142857142857,1.6,9.0,0.7,9,4,4.13,4.180435193553661
6.325581395348837,3.8,12.136363636363637,3.1,9,39,5.57,5.064189204894875
9.9375,5.2,15.090909090909092,3.8,11,56,7.39,5.063622846101388
10.931034482758621,7.1,16.728813559322035,5.5,11,68,7.6,5.524178908371143
8.806451612903226,7.6,16.8125,5.9,10,50,7.64,5.3902531852131315
11.571428571428571,3.2,13.61111111111111,2.4,6,44,5.44,4.94004186354194
10.107142857142858,8.3,13.172413793103448,4.4,7,26,6.7,5.113846168249226
9.902439024390244,8.5,19.785714285714285,5.8,10,47,8.21,5.382692380754667
6.219512195121951,5.4,9.976190476190476,2.3,5,21,4.82,5.119157822768095
7.746666666666667,3.8,12.592105263157896,3.0,12,79,5.38,5.369131768261063
9.085714285714285,6.0,16.27777777777778,3.6,9,49,6.46,5.0915643850720755
11.689655172413794,9.4,21.7,7.2,9,59,9.63,5.181013930783524
9.6,5.5,15.25,3.8,10,17,6.64,4.653857684913347
6.7894736842105265,3.8,12.064935064935066,2.7,7,71,5.34,5.402037548043708
6.4605263157894735,4.5,12.831168831168831,3.0,9,66,5.92,5.54315174885298
6.779411764705882,4.5,13.782608695652174,3.3,9,70,5.84,5.5410280918269805
5.285714285714286,2.3,9.266666666666667,1.9,4,10,4.41,4.333888574248519
9.142857142857142,4.5,13.408450704225352,3.2,9,69,5.85,5.4577205327328535
18.25,13.9,39.2,8.6,9,9,10.8,4.443415431505729
6.785714285714286,5.0,13.733333333333333,3.3,4,15,5.91,4.580862799689235
13.196078431372548,4.7,18.75,4.0,0,108,6.96,5.159608318692881
10.79245283018868,8.5,17.703703703703702,5.9,6,66,7.85,5.538793740879397
6.978260869565218,3.9,10.612903225806452,2.2,12,74,4.37,5.4727919878110995
9.52,6.9,19.153846153846153,5.1,13,43,7.6,5.118456182284056
6.96969696969697,4.5,15.323529411764707,3.4,8,52,5.82,5.086225225525427
9.833333333333334,7.8,25.428571428571427,7.4,2,21,9.83,4.322500771697786
9.5,3.9,13.846153846153847,2.5,3,13,5.2,4.372671275773264
11.127659574468085,4.5,14.0625,3.6,9,41,6.19,5.337165564477202
2.40625,5.2,6.242424242424242,2.1,3,6,4.62,4.554706280312479
16.142857142857142,9.7,29.045454545454547,7.9,9,65,10.25,5.306890163223661
9.083333333333334,6.6,21.846153846153847,5.7,11,27,8.26,4.797471288205391
10.729166666666666,7.4,20.367346938775512,5.0,11,74,7.67,5.638903480217564
9.666666666666666,5.8,15.096774193548388,3.5,6,32,6.17,5.169304181130158
12.6,11.5,23.384615384615383,8.7,7,44,10.51,5.227260162879652
5.294117647058823,3.9,10.777777777777779,2.5,9,9,4.51,4.53127911578974
5.414634146341464,7.5,6.857142857142857,2.6,8,9,4.35,4.838398005247269
5.724137931034483,6.4,14.3,3.4,11,30,5.9,5.0610274435225
5.964285714285714,1.9,9.724137931034482,1.6,5,21,4.16,4.678131280856135
19.166666666666668,12.7,31.92,10.0,11,50,11.77,5.410636116708963
6.9655172413793105,1.0,8.666666666666666,0.6,6,29,3.66,4.729503752209386
14.9,10.2,24.90909090909091,7.2,6,19,9.63,4.733831716431433
19.083333333333332,6.0,19.153846153846153,4.2,3,19,7.53,4.484697307844086
6.5,5.1,14.823529411764707,2.9,5,15,5.32,4.679811994604556
7.611111111111111,4.6,14.105263157894736,3.4,8,22,5.6,4.730709383303866
7.0476190476190474,3.5,12.090909090909092,2.1,8,15,3.99,4.849458671966013
12.153846153846153,8.1,19.928571428571427,6.3,2,24,7.94,4.783022546930532
8.0625,7.1,16.941176470588236,5.4,3,32,7.12,4.734605045215966
10.461538461538462,5.5,16.357142857142858,2.9,7,21,5.84,4.492072637392901
11.5,5.9,17.666666666666668,4.7,7,21,6.97,4.703131564243998
8.555555555555555,3.2,14.0,2.9,9,27,4.98,4.675264877154955
13.142857142857142,7.1,18.733333333333334,4.8,6,32,7.7,4.7694294744201144
6.590909090909091,3.2,10.478260869565217,1.9,3,13,4.54,4.700534959725957
5.136363636363637,1.7,10.478260869565217,0.9,7,23,4.44,4.6372881152634875
7.375,5.1,13.058823529411764,2.3,0,16,5.53,4.362770253644607
13.8,5.9,16.1875,5.3,6,25,7.59,4.715033666011897
8.75,4.7,14.647058823529411,3.3,8,16,5.58,4.721667524982612
7.615384615384615,5.2,16.071428571428573,3.4,5,20,5.62,4.592532922436009
7.818181818181818,3.7,10.826086956521738,0.9,9,12,3.82,4.684401325680445
10.5625,5.0,14.823529411764707,3.7,7,15,6.19,4.750829098052991
11.454545454545455,8.0,22.5,6.4,0,31,9.2,4.775421310965513
7.2,4.3,12.619047619047619,2.9,5,32,5.27,4.568465043862077
6.809523809523809,2.8,11.409090909090908,2.9,6,31,4.88,4.616127732494993
4.478260869565218,1.1,9.583333333333334,0.4,6,17,3.27,4.500131252360876
6.0,1.0,9.925925925925926,0.7,7,19,3.58,4.530661817064752
4.52,2.0,8.538461538461538,1.7,7,7,3.91,4.619766106603802
11.785714285714286,5.2,17.2,4.1,6,23,6.62,4.672724300369289
9.428571428571429,5.7,17.466666666666665,4.2,2,27,7.08,4.813717055994055
7.2,2.3,11.761904761904763,0.4,6,9,3.74,4.535142055525556
9.235294117647058,5.1,14.333333333333334,3.8,2,28,6.11,4.70588387235935
12.583333333333334,7.2,20.076923076923077,5.0,6,22,7.5,4.723919206209464
9.0,1.9,14.235294117647058,2.0,8,19,4.96,4.529424098293164
4.636363636363637,3.2,9.826086956521738,1.7,5,6,4.42,4.612493773403483
13.3,9.3,21.272727272727273,5.7,7,17,6.9,4.5077049257258475
8.307692307692308,5.4,17.928571428571427,4.5,4,22,6.83,4.4718564318332685
8.333333333333334,4.9,14.789473684210526,3.3,8,24,5.57,4.821510036277164
5.235294117647059,3.4,14.166666666666666,3.5,9,22,6.28,4.569547171492088
8.692307692307692,6.6,16.928571428571427,3.9,1,14,6.49,4.622996416739973
4.3478260869565215,1.2,10.75,1.3,8,10,4.18,4.306564488283479
6.523809523809524,2.7,10.636363636363637,0.7,2,21,3.69,4.670000240572391
6.388888888888889,6.4,14.105263157894736,4.7,6,17,6.4,4.625736007738389
7.090909090909091,4.0,9.869565217391305,1.3,3,13,5.03,4.47630888922163
7.818181818181818,9.2,23.083333333333332,7.9,7,50,10.3,4.554655969818548
13.5,6.7,21.923076923076923,5.8,10,29,7.94,4.521540968823956
3.9285714285714284,4.5,7.344827586206897,3.3,9,10,4.96,4.377083743213202
11.833333333333334,6.7,19.692307692307693,5.0,6,26,7.69,4.707709078099632
9.894736842105264,2.7,13.45,2.1,6,29,5.3,4.570553194275551
5.875,1.9,10.28,1.1,6,18,4.18,4.573609588593064
9.642857142857142,4.8,16.733333333333334,4.6,0,22,6.9,4.505304942039182
4.866666666666666,5.0,16.9375,3.1,3,28,5.52,4.671417955343694
8.058823529411764,5.3,15.444444444444445,4.1,8,35,6.34,4.745622700021713
9.176470588235293,4.0,14.944444444444445,3.7,6,23,6.32,4.729031176835116
5.0,6.8,13.35,4.8,9,19,6.88,4.76187067512854
6.181818181818182,3.6,10.478260869565217,2.1,6,10,4.56,4.456476062261384
3.85,0.8,10.523809523809524,0.6,4,14,3.32,4.434574993219371
4.5,4.4,14.647058823529411,3.1,3,28,5.65,4.626218681027335
7.9375,6.5,16.941176470588236,4.4,6,22,7.38,4.806321468858606
7.875,3.0,12.529411764705882,1.4,3,18,4.4,4.596718285617077
7.913043478260869,1.8,10.625,1.2,6,24,4.11,4.499202122724806
6.6875,3.8,14.058823529411764,2.1,8,26,5.09,4.683598604531488
13.0,6.8,19.76923076923077,4.7,4,29,8.46,4.725791878015185
9.133333333333333,5.9,14.1875,3.8,6,25,6.74,4.623689255000431
9.8,4.0,11.5625,3.7,3,10,4.8,4.558206468045127
5.571428571428571,1.4,9.0,1.9,7,24,3.8,4.620474178380123
4.793103448275862,2.1,8.466666666666667,1.7,5,14,3.72,4.628714798595756
9.1875,5.6,15.0,4.1,2,17,6.96,4.842720536960639
7.470588235294118,3.2,14.277777777777779,3.3,5,22,5.65,4.637295669638449
8.277777777777779,3.2,13.473684210526315,1.8,6,23,5.15,4.686263125323854
10.785714285714286,6.6,18.066666666666666,4.9,9,25,8.46,4.765288185703268
8.411764705882353,4.4,14.722222222222221,2.4,2,22,5.67,4.7373754346849895
11.75,4.2,14.882352941176471,2.4,5,12,5.16,4.676447588792714
12.647058823529411,5.4,14.777777777777779,2.3,9,17,5.39,4.635899905209943
6.884615384615385,2.9,8.703703703703704,2.0,3,13,4.56,4.6527582006668835
9.9375,6.5,15.588235294117647,4.5,3,21,6.98,4.818649304048078
7.214285714285714,6.7,15.733333333333333,4.2,8,16,6.65,4.727597893611519
4.791666666666667,0.8,10.76,0.7,9,26,3.76,4.624649535621774
6.75,4.7,14.588235294117647,3.3,6,13,5.19,4.508100269167778
3.6666666666666665,3.0,6.9,3.3,3,1,3.68,3.1972246652794847
8.352941176470589,3.5,15.222222222222221,2.8,5,19,6.41,4.486265318035633
10.928571428571429,4.8,16.0,3.4,5,20,6.0,4.538176371035545
11.0,5.4,16.428571428571427,3.6,6,20,6.04,4.646930788318535
8.894736842105264,3.7,12.4,2.6,8,14,4.32,4.551310224896071
9.666666666666666,5.5,13.8125,4.5,1,18,6.0,4.635196983078829
7.333333333333333,2.7,13.210526315789474,2.0,1,14,4.76,4.590252251101203
10.333333333333334,4.2,17.0,3.0,5,21,5.76,4.425918455492926
3.6578947368421053,0.5,7.153846153846154,0.9,8,29,3.83,4.522627361869052
7.882352941176471,3.9,14.88888888888889,2.4,3,16,5.34,4.651770923658887
5.8,0.9,10.384615384615385,1.2,6,32,4.6,4.554671929505449
5.0476190476190474,1.8,10.954545454545455,0.9,5,14,4.45,4.529090288374598
11.181818181818182,5.1,12.083333333333334,2.4,7,6,5.26,4.258265704162583
7.7368421052631575,4.0,12.0,2.9,7,18,5.11,4.7045136419952165
7.578947368421052,1.7,12.7,1.6,7,23,4.48,4.633379121939756
4.0,3.2,9.708333333333334,3.0,7,14,4.39,4.65711797137523
8.3125,4.3,14.882352941176471,2.7,2,32,6.21,4.589137850059187
12.88888888888889,13.9,27.8,11.1,2,34,12.28,4.7114885049480275
4.285714285714286,4.4,10.545454545454545,2.2,8,9,4.62,4.760185659428584
15.333333333333334,6.0,15.307692307692308,4.6,3,15,7.6,4.520361977172699
5.833333333333333,3.3,8.675675675675675,0.9,3,15,3.74,4.8887620576374875
12.321428571428571,4.5,14.689655172413794,4.0,4,31,6.15,4.930868191646791
5.88,2.8,11.576923076923077,1.3,7,15,4.43,4.52877205021103
4.375,0.1,8.588235294117647,0.3,3,11,3.36,3.869772857677619
3.6153846153846154,0.2,6.518518518518518,0.0,0,12,3.31,4.180484820864364
15.444444444444445,7.1,24.1,5.5,0,22,9.32,4.627097634061656
9.238095238095237,6.4,19.09090909090909,5.6,4,21,8.29,4.664271796568629
6.066666666666666,1.7,10.870967741935484,1.5,4,18,4.64,4.917735312592455
10.833333333333334,1.9,13.16,1.7,3,32,5.19,4.744745874278302
9.25,11.3,17.764705882352942,9.5,5,30,12.56,4.626616058478623
13.421052631578947,4.2,15.65,3.7,6,33,6.01,4.878635768781937
11.666666666666666,5.6,18.384615384615383,5.3,0,18,7.3,4.559748860214189
6.176470588235294,3.0,9.6,1.8,2,25,3.65,4.866511676717377
9.285714285714286,3.8,12.933333333333334,1.8,1,17,4.78,4.501846128465082
9.666666666666666,4.4,15.052631578947368,2.8,7,28,5.9,4.763202730037733
11.916666666666666,4.0,16.0,2.4,4,16,5.84,4.5492278736651715
13.5,6.2,21.0,4.7,5,27,7.16,4.75059531472591
9.842105263157896,6.2,17.95,3.0,5,25,6.2,5.086149272342908
7.142857142857143,4.6,16.6,2.5,3,21,5.89,4.683145376791973
16.555555555555557,14.3,27.5,10.3,1,19,11.3,4.640045179868741
9.176470588235293,3.6,10.885714285714286,1.3,6,28,4.74,5.057989200688379
4.923076923076923,3.8,6.642857142857143,2.6,6,4,5.11,3.8261724277726077
14.166666666666666,8.5,18.428571428571427,7.3,4,10,9.67,4.208661020254602
9.473684210526315,3.9,15.7,2.5,0,31,5.6,4.7639718446628745
9.882352941176471,2.6,13.722222222222221,2.4,2,10,5.32,4.434159420116266
12.333333333333334,6.2,18.285714285714285,4.4,1,16,7.11,4.2910221337273775
7.333333333333333,4.8,15.125,3.4,0,23,5.64,4.719021024494621
10.666666666666666,2.7,17.136363636363637,3.3,1,27,6.44,4.6047505184874495
9.642857142857142,5.0,16.466666666666665,4.4,0,20,7.92,4.5897938060171555
9.263157894736842,4.7,17.25,3.8,2,21,6.6,3.9698272838852104
20.727272727272727,7.4,22.416666666666668,6.6,3,26,9.3,4.738683954683662
9.583333333333334,4.6,17.846153846153847,4.3,0,11,6.75,4.6680967814887016
4.1875,2.7,10.647058823529411,3.1,4,8,5.06,4.316307994665571
4.888888888888889,1.3,11.3,0.8,2,8,3.94,4.08030233034241
9.105263157894736,2.1,12.6,2.1,0,28,5.03,4.431612856040573
10.25,4.1,13.0,2.0,6,15,5.48,4.6246928259080065
12.3,6.7,16.272727272727273,4.4,3,18,7.6,4.499152530902092
9.588235294117647,3.8,14.0,1.2,3,22,4.11,4.739286295326492
7.166666666666667,3.1,14.526315789473685,2.9,7,27,4.95,4.748603221268198
11.833333333333334,5.4,20.692307692307693,3.9,4,19,7.27,4.59160586708215
7.8,9.6,29.333333333333332,6.9,0,19,10.34,4.4136923321062
6.333333333333333,5.3,14.142857142857142,3.8,5,5,6.32,3.9737680098146617
1.1428571428571428,3.7,6.7727272727272725,1.7,1,2,2.38,2.673505960990027
5.260869565217392,2.2,8.833333333333334,1.0,4,11,3.96,4.535941317922992
11.2,5.8,14.428571428571429,2.8,4,15,6.2,4.938566737707383
4.2727272727272725,2.8,12.333333333333334,2.9,1,14,5.21,4.306740284183352
6.217391304347826,1.8,10.125,-0.5,3,20,3.68,4.627808790468935
4.909090909090909,1.1,8.478260869565217,0.7,2,13,3.4,4.473111847292904
8.529411764705882,3.5,15.277777777777779,2.3,1,20,5.22,4.764540787350628
6.8076923076923075,3.7,13.851851851851851,1.3,0,12,4.45,5.041092819676017
6.166666666666667,5.5,16.68421052631579,3.4,2,24,6.28,4.63044082878856
6.411764705882353,3.0,12.11111111111111,1.4,1,16,4.16,4.338435754638509
4.555555555555555,4.3,9.68421052631579,0.4,0,8,3.76,4.445591423990095
14.545454545454545,4.3,16.73913043478261,2.9,8,35,5.8,4.90937615530747
9.136363636363637,4.7,14.434782608695652,3.6,4,17,6.04,4.878000647829542
5.666666666666667,3.1,11.225806451612904,2.4,0,21,5.2,4.9306481158534
6.703703703703703,1.0,9.857142857142858,0.9,9,25,4.12,4.530326950051868
5.75,2.1,11.08,2.4,3,21,4.43,4.719863188364512
10.266666666666667,2.6,12.8125,1.6,2,17,4.28,4.6126886088343015
6.611111111111111,5.1,10.31578947368421,2.2,0,8,4.61,4.415485672299399
7.181818181818182,3.9,13.666666666666666,3.4,5,8,5.58,4.268259777481355
4.125,1.5,8.96,2.2,1,14,3.9,4.666203978479372
4.818181818181818,2.0,9.666666666666666,0.2,2,11,2.92,4.097171874284444
19.357142857142858,9.6,19.933333333333334,7.3,0,23,10.44,4.8513592494139
9.0,6.0,15.125,4.6,0,5,7.4,4.1029520715855625
6.793103448275862,2.3,11.066666666666666,1.4,5,25,4.71,4.771997880511035
8.6875,4.9,13.058823529411764,3.5,0,13,5.32,4.701281544193792
6.0,4.5,10.31578947368421,2.4,4,14,5.64,4.350708364640688
3.739130434782609,0.7,9.458333333333334,0.5,5,7,3.2,4.48924471540876
7.5,1.9,13.666666666666666,1.1,0,31,4.03,4.748280662711537
11.884615384615385,4.9,15.074074074074074,4.1,0,35,6.19,4.971434368817066
8.105263157894736,7.3,15.85,4.9,7,30,6.67,4.909257349026401
5.815789473684211,1.1,10.102564102564102,0.9,0,25,3.85,5.011298605047626
10.958333333333334,5.6,16.24,3.5,6,31,7.01,4.96005931765267
9.222222222222221,2.3,11.357142857142858,1.8,7,31,4.81,4.773430044218867
19.666666666666668,8.4,23.428571428571427,5.2,0,17,8.89,4.246883712824797
10.575757575757576,3.0,14.235294117647058,3.6,5,42,5.46,4.740846432574134
6.583333333333333,4.2,13.923076923076923,3.3,3,12,6.76,4.139703400322652
11.615384615384615,7.4,21.0,5.5,2,22,7.89,4.829503852871641
6.523809523809524,4.5,13.590909090909092,2.5,0,26,5.56,4.680664324906893
18.2,8.2,26.272727272727273,6.6,0,31,9.94,4.652472571693965
17.375,6.8,19.666666666666668,5.9,3,18,8.76,4.3737617361757515
7.083333333333333,1.8,11.96,2.7,6,24,4.2,4.3935996521492005
10.923076923076923,6.2,16.48148148148148,4.7,0,40,7.72,4.896516273875456
9.764705882352942,8.8,16.22222222222222,5.4,0,18,7.85,4.863030312104276
7.75,4.5,13.666666666666666,1.7,5,22,4.44,4.739728894116947
7.961538461538462,2.0,10.666666666666666,2.2,4,33,4.41,4.676595009804691
12.357142857142858,7.7,23.2,6.9,6,27,9.36,4.805726610142143
8.153846153846153,1.1,12.88888888888889,1.5,3,25,4.82,4.570493855903385
8.166666666666666,4.4,10.421052631578947,2.9,3,6,4.48,4.597141813574339
4.85,2.2,11.714285714285714,1.2,6,19,4.08,4.69603277349049
5.666666666666667,2.4,9.64,0.1,5,21,3.27,4.576446633380251
12.333333333333334,3.5,13.571428571428571,2.8,1,7,5.41,4.112243147432059
11.066666666666666,4.1,15.5625,3.9,0,26,6.42,4.67229429738396
9.733333333333333,5.1,14.625,2.3,1,26,4.36,4.603064141549614
7.238095238095238,2.9,9.909090909090908,1.5,6,15,3.7,4.5664565606903835
6.25,5.2,14.705882352941176,4.9,5,24,6.5,4.517265673561388
7.111111111111111,3.6,12.105263157894736,2.4,3,18,5.45,4.467165432625894
11.461538461538462,6.6,18.571428571428573,4.0,1,22,7.49,4.480015141961386
10.615384615384615,4.6,16.928571428571427,2.9,6,27,5.8,4.551008137148789
6.68,4.0,10.23076923076923,2.4,8,18,5.06,4.7867123138947445
5.2631578947368425,1.8,9.1,1.1,3,7,4.29,4.19106934385545
6.5625,4.0,14.882352941176471,3.4,0,14,5.53,4.557263248089054
9.944444444444445,6.5,14.947368421052632,4.4,5,19,6.15,4.529505318635502
5.95,2.9,11.476190476190476,2.4,1,19,4.53,4.5736390914223986
13.5625,4.0,14.411764705882353,2.0,9,30,4.92,4.46474114803989
6.724137931034483,3.6,10.266666666666667,2.4,1,21,3.88,4.3953831367790475
8.714285714285714,4.0,16.8,3.1,2,32,6.46,4.47652595006525
11.166666666666666,5.6,13.461538461538462,3.8,4,14,6.22,4.393636684112313
7.823529411764706,2.9,11.777777777777779,2.6,2,19,4.61,4.612451359108515
4.481481481481482,1.5,8.714285714285714,1.0,11,13,3.47,4.553052011358137
6.866666666666666,6.0,16.0,4.0,4,9,6.82,4.629347543206142
8.2,4.5,14.5625,3.1,2,22,5.45,4.722622485695653
11.357142857142858,6.4,16.666666666666668,4.7,5,26,5.84,4.733720990451147
2.1379310344827585,1.0,5.833333333333333,-0.6,3,4,2.9,4.115966781816742
10.818181818181818,10.0,20.583333333333332,6.4,9,20,9.34,4.549263351299613
9.2,4.8,12.9375,3.0,4,19,6.07,4.454284646807923
5.32,2.9,9.653846153846153,1.8,4,12,4.26,4.58499771467803
5.5,3.4,11.647058823529411,0.9,7,5,3.92,4.446474089351147
9.095238095238095,4.1,14.727272727272727,2.9,2,13,4.82,4.636266364183075
4.5,3.7,14.133333333333333,2.5,2,12,5.03,4.552718912334591
11.882352941176471,2.9,14.38888888888889,2.3,4,21,6.01,4.652885029145815
9.285714285714286,4.6,13.4,2.1,8,18,5.06,4.533971822424389
9.125,3.1,13.235294117647058,1.6,6,17,4.76,4.566777704370454
9.461538461538462,3.9,15.071428571428571,2.5,2,24,5.28,4.552014077827839
5.666666666666667,6.0,13.6875,3.8,4,9,5.97,4.5920534773546455
8.6875,6.0,15.0,3.4,4,25,6.1,4.732857146626765
10.764705882352942,3.4,14.055555555555555,3.3,5,28,5.25,4.637444051407542
4.6,3.2,13.3125,2.0,4,16,5.04,4.623312197014047
7.842105263157895,2.7,12.55,2.0,7,25,4.76,4.470878351952313
5.5,4.6,15.352941176470589,3.2,7,25,5.66,4.784334871391108
7.7272727272727275,5.6,19.166666666666668,4.3,5,24,6.72,4.560372652782349
13.083333333333334,8.0,22.23076923076923,6.9,6,18,8.87,4.670636775589324
7.823529411764706,3.7,13.5,2.2,5,20,4.37,4.694942191285714
14.333333333333334,5.1,16.25,3.8,5,27,5.88,4.726399473956812
8.823529411764707,5.1,15.11111111111111,3.9,10,20,6.65,4.811854590308158
9.0,2.5,12.181818181818182,1.4,5,24,4.44,4.6915596913441
5.529411764705882,5.9,10.277777777777779,2.3,5,19,6.06,4.602069320447985
10.733333333333333,6.9,13.8125,4.7,2,13,7.0,4.47702968738737
8.0,3.4,12.0,2.7,2,24,5.78,4.628525113249418
8.523809523809524,4.6,13.272727272727273,3.7,7,12,5.0,4.6506980717873585
9.866666666666667,2.2,15.1875,2.4,5,20,5.12,4.537396948786284
4.153846153846154,5.4,16.642857142857142,3.9,5,16,6.28,4.6606098689402025
7.176470588235294,3.1,14.5,3.2,6,28,5.11,4.652597347327655
9.470588235294118,4.9,12.555555555555555,2.9,2,20,6.27,4.646992108602536
8.666666666666666,5.0,17.125,4.5,6,31,6.87,4.527993893528473
8.105263157894736,2.9,13.6,2.3,7,17,5.21,4.559949530992438
13.25,9.4,19.384615384615383,6.1,8,13,9.0,4.62538770149151
3.6842105263157894,3.8,12.05,2.4,3,18,5.58,4.640018536027005
6.1,2.0,12.380952380952381,2.5,5,22,5.17,4.5845084295928435
6.352941176470588,3.1,12.166666666666666,1.3,1,23,4.48,4.51272301252677
6.6,2.3,11.0,1.3,2,19,4.27,4.04814567089704
13.818181818181818,4.4,19.083333333333332,2.7,3,16,6.07,4.618153017939507
6.9411764705882355,3.4,8.555555555555555,1.1,2,19,3.66,4.1450869528371985
7.5,1.7,10.578947368421053,1.9,2,12,4.21,4.440995585261899
11.333333333333334,6.6,13.578947368421053,4.5,3,11,6.73,4.486696211491643
9.461538461538462,8.5,17.642857142857142,4.7,7,19,8.08,4.493518249125737
5.6521739130434785,0.2,10.75,1.2,3,20,4.29,4.381400409974002
8.764705882352942,3.6,15.11111111111111,2.5,8,22,6.09,4.4420792840082175
6.444444444444445,1.9,13.157894736842104,2.9,3,23,4.86,4.4056772596054685
6.421052631578948,3.6,10.65,2.5,10,9,5.03,4.4516099023127245
4.2,2.6,11.142857142857142,0.6,7,14,3.48,4.464624694549644
5.65,4.4,12.714285714285714,3.3,1,22,5.36,4.370756473970643
14.461538461538462,8.4,17.071428571428573,5.6,7,24,7.82,4.690888954487949
7.315789473684211,2.6,9.85,1.4,5,9,3.2,4.312805605201763
5.466666666666667,3.0,9.35483870967742,0.7,5,13,3.85,4.48461612761983
8.647058823529411,4.4,12.055555555555555,3.4,5,14,6.01,4.574478052736084
5.578947368421052,2.6,12.5,1.5,5,30,4.77,4.5383191231736415
6.565217391304348,3.8,11.083333333333334,1.0,5,21,4.47,4.733804642359372
6.421052631578948,4.9,10.7,1.9,2,16,4.28,4.439054233242529
8.272727272727273,1.3,11.521739130434783,1.1,6,22,4.12,4.538920134392187
4.529411764705882,3.2,8.944444444444445,1.5,2,7,4.07,4.418449495108686
10.76923076923077,5.4,16.928571428571427,3.5,7,25,6.48,4.456428153208075
6.125,6.9,16.647058823529413,4.2,8,21,6.61,4.711550233577474
4.75,2.8,8.952380952380953,1.1,6,9,2.93,4.21700824624687
7.421052631578948,4.0,10.45,2.2,1,10,4.77,4.5045971443365955
5.2272727272727275,3.1,11.91304347826087,2.8,6,22,4.69,4.463880098581093
4.4375,0.5,7.454545454545454,0.0,2,13,2.68,4.534244444326048
5.0,2.7,14.555555555555555,2.1,2,16,4.8,4.280679636178018
8.75,3.3,14.705882352941176,3.4,5,15,5.34,4.520059448219106
8.944444444444445,3.4,12.263157894736842,2.4,5,14,5.12,4.560378178825587
6.125,2.5,10.235294117647058,0.4,2,14,3.85,4.303139664256451
6.647058823529412,5.4,14.666666666666666,3.6,6,33,5.71,4.48024876602037
10.466666666666667,5.9,15.5,3.6,3,15,6.3,4.720855459533452
3.1951219512195124,9.2,5.785714285714286,5.6,4,23,5.02,3.987311031550931
5.875,3.5,15.647058823529411,3.5,0,16,5.22,4.491345212994344
7.388888888888889,3.2,13.31578947368421,2.9,6,22,4.88,4.58260085100412
13.823529411764707,5.5,13.722222222222221,4.3,6,19,6.05,4.817055218880955
5.882352941176471,5.8,11.38888888888889,2.5,7,15,4.75,4.40209587594266
12.571428571428571,8.5,17.666666666666668,6.9,5,13,8.38,4.725880532250336
5.928571428571429,5.5,13.8,4.1,6,17,5.67,4.62014032167243
8.217391304347826,6.3,17.458333333333332,4.6,7,45,6.87,4.979684290787814
5.382352941176471,3.7,12.428571428571429,2.9,8,23,5.26,4.90737353886292
10.28,6.7,17.53846153846154,6.0,6,34,8.61,4.921782050289392
15.68421052631579,7.5,20.15,6.7,5,37,8.92,4.915959471805506
8.26923076923077,5.6,14.074074074074074,3.2,0,27,5.0,4.94669776302247
8.875,6.4,18.08,4.6,5,57,7.61,4.976585859380828
4.7272727272727275,2.0,8.777777777777779,1.5,8,14,3.62,4.845496723717035
8.0625,4.2,11.424242424242424,1.1,6,23,3.98,4.925069103907834
7.428571428571429,2.4,11.61111111111111,2.5,6,41,4.74,4.79097607576618
7.352941176470588,3.2,15.277777777777779,3.8,0,35,5.82,4.663383586962903
5.888888888888889,2.7,12.473684210526315,1.6,5,31,4.55,4.62361007368918
6.628571428571429,2.4,12.694444444444445,1.9,8,45,5.45,4.842911269806938
5.838709677419355,3.9,10.96875,1.4,5,26,4.68,4.927536706555088
7.705882352941177,2.4,12.942857142857143,1.9,8,41,4.84,4.828928496658932
8.409090909090908,3.4,12.0,2.5,9,17,5.46,4.648226688871471
7.619047619047619,5.2,19.181818181818183,5.0,8,55,7.48,4.64612724265026
7.818181818181818,6.2,16.52173913043478,3.9,8,24,6.77,5.043198173231933
12.947368421052632,7.0,17.7,4.0,5,26,6.53,4.958134263658475
4.035714285714286,4.8,13.96551724137931,3.0,7,28,5.62,4.931188201205501
4.714285714285714,1.4,9.75,0.9,5,18,3.97,4.538974848709101
12.791666666666666,7.7,17.76,5.4,5,59,8.38,5.004515283433987
7.129032258064516,1.8,11.40625,1.4,2,31,4.43,4.697174632779184
17.714285714285715,7.7,22.375,6.3,3,22,9.16,4.314276170566145
9.607142857142858,4.3,15.96551724137931,4.1,2,45,6.07,4.873626175923722
15.333333333333334,9.1,27.4375,7.8,7,57,10.11,4.851375384663423
9.947368421052632,7.6,19.75,5.6,2,42,8.54,4.715137263288005
6.4324324324324325,2.9,11.052631578947368,2.3,7,29,3.96,4.942369416207926
7.863636363636363,4.9,17.956521739130434,4.7,4,42,7.02,4.855295156849669
6.48,4.5,14.26923076923077,3.6,9,29,5.77,4.925769221373308
11.636363636363637,5.8,19.434782608695652,4.8,5,48,7.68,4.9639305787145656
9.9,4.8,13.32258064516129,3.3,10,24,6.1,5.098834121842042
6.56,3.7,12.307692307692308,2.4,8,25,4.86,4.867248557968177
8.653846153846153,4.7,16.62962962962963,4.0,7,32,6.3,4.938017919589099
5.542857142857143,2.4,10.833333333333334,0.8,5,29,4.11,4.828427101315036
10.909090909090908,5.8,18.91304347826087,3.7,2,30,6.63,4.595993208182161
6.8125,3.2,12.764705882352942,2.6,6,13,5.09,4.488792995035615
13.208333333333334,3.6,14.16,1.9,5,35,4.8,4.909407005660559
7.888888888888889,4.8,12.821428571428571,2.7,7,25,4.83,4.927966942966398
4.85,4.3,13.619047619047619,3.1,8,18,5.59,4.704125313112241
10.25,5.0,16.92,4.3,4,37,6.86,4.809312785782982
7.967741935483871,2.7,12.96875,2.0,6,34,5.16,4.735036928459054
4.0,3.5,10.81578947368421,2.2,6,33,5.07,5.04621556925064
5.9655172413793105,4.2,12.0,2.2,2,21,4.46,4.8564599127806165
4.266666666666667,3.5,11.0625,2.2,6,8,4.61,4.36089124770676
10.55,6.6,20.333333333333332,5.3,8,51,7.99,5.0540116316380495
6.8,3.1,12.096774193548388,2.4,3,18,4.98,4.8634278182007815
8.0,4.9,13.533333333333333,2.8,5,31,5.55,5.005377774037291
6.12,5.6,14.23076923076923,3.4,11,28,6.86,4.988394209229808
9.36,4.4,15.538461538461538,3.6,7,25,5.76,4.835451089627927
8.91304347826087,6.5,18.375,4.6,9,50,7.59,5.0855574320734735
9.11111111111111,3.2,12.785714285714286,2.7,9,33,5.39,4.883392236735062
3.7142857142857144,1.8,8.954545454545455,1.5,6,10,3.82,4.521328602276457
12.294117647058824,9.6,23.38888888888889,7.0,2,43,10.27,4.9794843809806615
6.115384615384615,4.3,13.666666666666666,2.4,5,32,5.93,4.902656772653418
4.190476190476191,0.3,10.372093023255815,0.9,7,41,4.06,4.392931377345532
6.928571428571429,2.3,11.206896551724139,0.7,2,16,3.36,4.72420030125941
6.157894736842105,5.5,14.8,3.6,7,10,6.25,4.608988648710648
8.481481481481481,4.0,15.678571428571429,3.9,7,45,6.17,4.936301935650673
5.03125,2.3,8.787878787878787,2.0,7,17,3.97,4.7543923019573135
9.620689655172415,5.2,13.0,2.5,10,17,4.47,4.992430463945574
7.125,2.8,11.08,2.1,4,26,4.21,4.654449156647442
8.0,5.8,14.047619047619047,4.4,4,28,6.63,4.891125044031579
9.428571428571429,2.3,10.6,2.5,8,8,4.86,4.291381444777811
8.03225806451613,4.2,11.71875,2.9,11,20,5.1,4.909695454192412
7.391304347826087,4.8,15.333333333333334,3.5,8,36,6.26,4.940548235265726
5.631578947368421,3.7,13.1,2.8,6,18,5.8,4.599481624787065
6.827586206896552,3.7,13.033333333333333,1.3,7,35,4.48,4.872968421160142
6.787878787878788,5.1,12.5,2.7,7,32,4.87,5.000794442320505
8.725,5.0,8.414634146341463,2.4,7,14,5.59,5.032220628074909
16.294117647058822,9.3,25.22222222222222,7.5,5,68,9.57,4.493855805672947
6.666666666666667,2.7,11.45,2.2,0,52,4.07,4.96805304606165
7.166666666666667,2.9,12.04,2.3,8,27,4.5,4.669898152568579
6.314285714285714,3.0,12.305555555555555,2.9,10,49,4.97,4.864888001166927
7.157894736842105,3.0,10.35897435897436,2.2,9,24,4.35,4.933700394199208
9.473684210526315,4.4,13.55,3.1,9,21,5.71,4.494584206891204
5.75,2.4,11.027027027027026,0.9,8,39,4.14,4.939001704501346
12.285714285714286,6.7,17.681818181818183,4.7,4,26,6.71,4.808878349313969
10.875,13.4,20.555555555555557,10.6,1,22,13.1,4.63695532382274
14.88888888888889,5.6,17.7,4.4,4,17,7.33,4.330335449091748
8.476190476190476,5.7,18.40909090909091,3.6,1,42,5.56,4.788667883422534
15.666666666666666,5.4,21.263157894736842,4.3,2,42,7.52,4.472882874882872
7.7272727272727275,3.1,12.794117647058824,1.9,9,27,4.6,4.897732066461664
4.470588235294118,3.7,11.085714285714285,2.4,2,33,4.21,4.31259446151347
7.225806451612903,3.5,12.96875,2.0,9,39,4.99,5.076201785889532
10.277777777777779,6.4,16.42105263157895,5.3,9,17,7.04,4.464347412277815
5.848484848484849,3.5,11.941176470588236,2.7,10,34,5.33,4.979236521477998
9.375,5.0,16.32,3.4,0,36,5.44,4.961703906637073
14.904761904761905,7.9,18.772727272727273,5.5,7,21,8.36,4.930211801804333
12.15,6.4,21.19047619047619,4.8,5,36,7.56,4.8471686154820945
5.648648648648648,3.5,10.5,2.3,8,25,4.64,5.052738950555935
6.032258064516129,3.0,12.6875,2.3,4,27,4.36,4.996994277306885
11.333333333333334,4.7,21.31578947368421,3.6,4,40,6.74,4.622570012728405
4.1875,2.2,7.764705882352941,1.1,2,8,3.48,4.207136861593524
4.777777777777778,6.2,15.4,4.1,7,7,7.06,4.343375310339413
9.5,7.7,17.238095238095237,5.4,4,34,7.76,4.979286477665028
7.344827586206897,4.7,13.3,3.1,8,41,5.25,5.023840907545212
6.67741935483871,2.4,14.125,1.9,9,28,5.06,4.855709617779775
8.125,3.5,13.242424242424242,1.8,2,25,5.08,5.046812689223918
7.517241379310345,5.7,16.1,4.0,8,33,6.84,5.076431770530272
5.266666666666667,3.0,14.161290322580646,3.3,5,42,5.37,5.023649957408073
8.088235294117647,3.9,12.085714285714285,1.2,11,29,4.64,5.0993045772147285
5.764705882352941,3.1,11.885714285714286,2.6,8,32,5.06,4.955364563914912
6.804878048780488,3.0,11.166666666666666,2.7,9,46,5.16,4.6037747105649816
12.16,4.9,17.307692307692307,4.6,0,39,6.41,4.943033141993528
7.689655172413793,3.8,13.533333333333333,1.3,11,31,4.51,4.897422015488601
6.380952380952381,2.2,10.465116279069768,2.3,7,38,4.55,4.927349080170548
9.814814814814815,3.2,13.607142857142858,2.1,5,26,5.64,4.928770388486992
15.85,8.6,20.666666666666668,5.6,7,28,8.61,4.880962741146346
3.58974358974359,3.6,9.85,1.4,5,31,3.59,4.998853293245078
8.565217391304348,5.8,16.458333333333332,4.4,9,38,7.16,4.9476034544989105
3.1363636363636362,1.2,6.844444444444444,-0.4,3,17,2.72,4.511657039675249
9.264705882352942,4.3,12.742857142857142,3.4,6,28,5.39,5.100307038579732
11.7,9.0,21.61904761904762,5.9,8,44,8.47,4.782401835434515
5.470588235294118,6.0,10.4,2.1,9,22,5.01,5.029837604006347
12.444444444444445,10.7,24.473684210526315,8.4,7,39,10.75,4.929781096249226
7.46875,1.7,11.727272727272727,1.2,5,12,4.42,4.637391862491707
7.88,6.7,14.807692307692308,4.0,3,21,7.63,4.961303803836921
5.666666666666667,4.2,14.4,3.6,4,15,5.5,4.3050447942655055
13.956521739130435,6.9,18.25,4.3,10,39,6.93,5.234428439344141
5.620689655172414,2.5,11.166666666666666,1.0,6,27,3.68,4.850896154134594
3.7906976744186047,1.5,8.431818181818182,1.3,1,24,3.07,4.786786482413129
5.1891891891891895,1.7,12.31578947368421,1.5,7,46,4.24,4.726934196400248
7.0,4.2,13.038461538461538,2.6,2,22,4.86,4.937754468653657
5.827586206896552,3.8,12.5,3.0,9,28,5.44,4.921900445538416
4.653846153846154,3.3,13.592592592592593,2.6,1,22,4.71,5.0624040044031915
8.380952380952381,8.9,18.681818181818183,7.0,10,30,9.25,5.1009855183285975
11.444444444444445,8.0,20.0,6.1,8,44,8.85,4.9129484453551235
9.0,3.5,13.857142857142858,2.3,3,35,5.55,4.887524691524068
8.4,4.4,15.884615384615385,4.0,7,39,6.36,4.9614778180763235
4.63265306122449,2.1,8.04,1.5,7,21,4.04,4.802966054206836
9.580645161290322,3.1,14.3125,2.4,9,45,5.46,4.8826510138192365
7.096774193548387,3.4,13.1875,1.9,1,36,4.94,4.958472297752741
7.0606060606060606,4.5,12.970588235294118,2.9,9,28,5.48,5.120452323673702
7.958333333333333,7.7,10.92,5.1,4,19,8.39,4.893055118249383
6.444444444444445,2.7,11.783783783783784,2.5,8,26,4.78,4.961882794181433
4.685714285714286,2.5,10.527777777777779,2.0,3,20,4.07,4.776808309962681
4.7555555555555555,4.1,9.282608695652174,3.2,4,26,5.45,4.963381448788422
6.5,4.5,14.258064516129032,3.6,1,37,6.2,4.847743271857594
6.730769230769231,5.2,15.74074074074074,3.7,6,22,6.06,4.941430935649039
11.88888888888889,5.6,22.105263157894736,4.9,7,31,8.16,4.658660813394771
4.021739130434782,1.4,8.319148936170214,1.4,8,19,3.41,4.778194708088412
16.357142857142858,15.5,27.0,12.6,6,47,14.17,4.913690051086601
7.088235294117647,3.5,11.8,2.8,9,37,5.27,4.920657904811581
6.766666666666667,5.4,12.387096774193548,4.3,11,19,6.3,5.063534880035897
9.413793103448276,5.1,13.766666666666667,3.4,7,39,5.17,4.972361986748728
8.851851851851851,2.8,13.428571428571429,1.8,6,47,4.91,4.953610457335268
6.485714285714286,4.1,10.055555555555555,3.1,3,25,5.03,4.816300600499707
6.897435897435898,5.0,10.7,3.7,8,36,5.51,5.187773641246524
7.3076923076923075,4.9,12.518518518518519,3.2,6,27,6.27,4.933605659885361
7.043478260869565,6.9,13.958333333333334,3.5,8,29,6.05,4.493698483056821
5.909090909090909,2.7,12.676470588235293,1.7,7,22,4.74,4.938801618332768
10.04,5.3,17.46153846153846,3.2,9,36,6.51,5.062920057862172
7.09375,4.7,10.454545454545455,3.0,2,25,4.65,4.842177262321885
10.26923076923077,4.0,13.666666666666666,3.0,8,26,5.4,4.9396936977205375
4.434782608695652,3.7,7.446808510638298,0.0,10,17,3.14,4.845845349836624
5.266666666666667,0.5,10.709677419354838,1.8,8,29,4.28,4.537224191306979
5.1875,2.7,7.7272727272727275,0.1,3,11,2.8,4.307656154720997
4.382352941176471,5.5,9.885714285714286,2.7,4,23,5.32,4.920024310296679
6.95,1.6,11.21951219512195,1.2,8,40,4.12,4.873127256721348
7.958333333333333,4.6,14.8,3.0,7,20,6.16,4.853154151019056
7.387096774193548,3.2,13.375,2.9,19,26,5.26,4.969745972830383
6.6923076923076925,5.3,9.1,2.8,5,16,6.2,4.9261248234678785
7.027027027027027,4.9,11.31578947368421,2.9,9,29,5.39,5.131097974524925
4.285714285714286,5.3,6.9,1.4,4,17,4.34,4.661977574745013
5.516129032258065,4.7,11.78125,2.0,6,19,4.63,5.019976792845975
16.59090909090909,5.1,18.652173913043477,4.4,7,36,6.54,4.95922098335789
6.03125,3.2,12.484848484848484,1.7,7,36,4.73,4.998104510126806
13.529411764705882,8.0,22.944444444444443,6.4,8,53,8.48,4.9395793512772475
8.037037037037036,4.7,14.321428571428571,3.8,9,42,6.08,4.991017216951661
8.676470588235293,1.9,12.314285714285715,1.6,9,51,4.65,4.8150078869906725
8.541666666666666,6.4,15.0,5.0,10,27,6.75,5.117230565139517
6.580645161290323,3.8,13.5625,3.3,5,24,5.48,5.031361883833991
5.512820512820513,3.6,11.45,3.0,2,43,4.97,4.769247112351441
5.392857142857143,5.8,12.931034482758621,2.9,0,32,5.41,4.523954079495686
5.555555555555555,5.0,9.35135135135135,1.8,6,13,3.92,4.730130144970266
8.173913043478262,6.2,15.958333333333334,4.2,7,37,6.55,4.821815134849524
7.866666666666666,3.7,11.806451612903226,2.6,6,19,5.01,4.989116081528017
6.794117647058823,2.8,12.714285714285714,2.9,10,32,4.81,4.831374238837782
7.448275862068965,5.1,14.566666666666666,3.6,9,32,6.71,4.9166021607002435
8.068965517241379,2.9,14.466666666666667,2.1,4,37,5.43,4.846503852029823
8.233333333333333,4.3,14.03225806451613,3.6,9,48,6.37,4.816933334492974
6.67741935483871,4.6,12.0625,2.5,10,24,5.48,4.918418998095056
7.703703703703703,4.5,14.214285714285714,3.4,12,24,5.68,5.015104905718005
9.727272727272727,6.1,10.558823529411764,4.3,4,18,7.07,5.036536687809107
8.821428571428571,5.4,11.310344827586206,3.9,7,22,6.1,4.814404361827037
6.636363636363637,2.2,10.352941176470589,0.9,13,23,4.44,4.873623913536949
6.3076923076923075,2.9,10.45,2.1,6,18,4.13,5.061590630048597
5.785714285714286,2.8,9.255813953488373,2.2,8,33,4.83,5.059114887342771
5.466666666666667,4.2,13.774193548387096,3.4,4,24,5.39,4.931784301402561
5.702702702702703,2.1,10.763157894736842,0.8,9,29,3.84,5.009375403826869
10.689655172413794,5.9,14.766666666666667,3.3,10,37,6.41,5.220929490087773
16.789473684210527,6.9,21.85,6.0,10,33,8.66,4.992159015335933
16.0,8.3,21.833333333333332,6.2,6,20,8.92,4.658162119005154
13.333333333333334,6.3,14.875,4.1,7,19,6.45,4.682377059439942
7.615384615384615,5.3,18.071428571428573,4.7,7,19,6.97,4.573806266819664
9.181818181818182,5.7,20.25,3.5,5,19,7.03,4.530808297449906
5.842105263157895,2.2,12.45,1.5,7,26,4.58,4.5575349032833525
5.105263157894737,3.0,10.85,1.5,1,14,3.83,4.567980435381399
11.9,6.3,19.818181818181817,5.2,1,12,7.48,4.6169216970073625
3.8260869565217392,2.2,7.916666666666667,1.3,0,3,3.12,4.289697520261669
11.23076923076923,7.5,19.142857142857142,5.8,6,26,8.23,4.652068378261879
6.05,2.6,12.095238095238095,2.5,5,27,4.96,4.624248077677397
6.5,5.0,15.352941176470589,3.6,2,34,6.07,4.592763851838205
12.125,4.5,13.176470588235293,3.2,4,14,5.66,4.66879558361054
6.473684210526316,3.4,13.2,3.0,3,20,6.29,4.75299492921426
18.666666666666668,9.4,24.1,7.2,2,31,10.01,4.748819340927076
8.473684210526315,2.8,10.5,1.1,1,11,4.79,4.500848599179566
19.88888888888889,7.5,27.1,5.7,2,28,8.66,4.802307067446425
6.130434782608695,3.8,9.125,2.0,5,8,4.91,4.679318750702001
4.0,3.3,13.214285714285714,1.8,8,14,4.81,4.3155346401630625
6.857142857142857,6.8,17.4,4.5,5,21,6.96,4.793126524802461
7.1875,5.8,16.0,4.2,10,20,6.63,4.814218308573112
8.5,6.5,14.882352941176471,4.0,6,16,7.16,4.7719563764139385
8.125,5.5,13.882352941176471,4.5,4,18,6.08,4.637217211318985
8.2,4.5,16.25,4.3,5,28,6.61,4.597018961092351
5.882352941176471,4.8,15.666666666666666,3.0,3,30,6.38,4.62495356350819
5.75,3.7,15.294117647058824,2.5,3,30,5.64,4.621896819405698
5.705882352941177,3.4,14.11111111111111,3.6,4,20,5.89,4.540303596818764
6.333333333333333,2.0,11.56,2.7,6,20,5.03,4.590845946271257
3.75,0.4,10.461538461538462,1.0,6,6,3.68,3.905819698256257
16.166666666666668,5.2,19.571428571428573,5.2,2,10,7.17,4.153558936175013
7.888888888888889,3.1,12.421052631578947,2.9,2,22,4.65,4.4495458208291065
5.444444444444445,4.3,12.368421052631579,1.2,2,5,4.82,4.386226487067962
6.826086956521739,2.7,9.416666666666666,2.0,7,27,4.47,4.5653199858342655
5.6875,5.1,14.529411764705882,4.9,5,11,7.21,4.665772589716642
4.148148148148148,2.9,8.571428571428571,1.4,9,13,3.84,4.643640305738513
9.647058823529411,3.6,13.277777777777779,2.7,5,13,5.32,4.677903976187455
6.333333333333333,4.0,14.263157894736842,2.2,6,23,5.43,4.677411224206569
9.5,9.2,24.272727272727273,6.8,5,19,9.17,4.73010493762839
6.631578947368421,5.5,11.95,3.1,2,18,5.99,4.713169292405954
15.357142857142858,6.0,18.866666666666667,4.2,8,23,7.16,4.6845406328922135
8.466666666666667,3.0,15.375,2.3,9,21,5.63,4.709417680253438
5.105263157894737,5.1,11.2,2.8,5,14,5.44,4.6612200365576895
7.142857142857143,7.1,21.5,5.2,2,16,8.01,4.421736300247425
11.166666666666666,6.4,16.571428571428573,3.9,1,3,5.48,4.087693890547417
7.4,4.8,15.875,4.1,5,17,6.38,4.416384074006144
8.466666666666667,6.0,17.8125,4.8,5,26,7.03,4.718224285338545
9.666666666666666,7.0,18.857142857142858,6.1,4,9,8.63,4.1235040343490335
9.214285714285714,9.3,16.8,7.0,5,12,10.09,4.78534991832097
13.285714285714286,6.5,16.333333333333332,4.1,6,25,7.12,4.910831379183818
16.083333333333332,5.4,18.384615384615383,4.7,5,20,7.65,4.480431192203895
19.272727272727273,9.1,24.333333333333332,6.8,8,25,9.35,4.75848428040063
6.142857142857143,6.8,18.733333333333334,6.3,4,18,7.86,4.809927243989719
9.0,3.6,12.428571428571429,2.9,2,11,5.44,3.9420574016715144
8.9,7.6,19.818181818181817,6.6,9,21,8.66,4.633442184144463
7.7368421052631575,4.7,12.05,2.4,9,8,4.78,4.731485493357653
9.6,5.1,17.125,3.2,3,28,6.43,4.728735240659502
6.857142857142857,2.6,11.666666666666666,2.4,4,17,3.88,4.42458529131571
6.695652173913044,2.4,10.5,2.3,0,22,4.76,4.660444338051168
7.0,1.4,11.608695652173912,1.2,8,22,4.11,4.534886669815598
5.125,2.8,10.72,2.0,8,29,4.46,4.741339058767865
3.9696969696969697,1.8,7.235294117647059,0.0,10,10,3.08,4.618481374561931
7.15,3.7,12.904761904761905,3.2,8,26,5.6,4.620969424845333
8.4,3.7,11.0,2.4,5,21,5.12,4.721472955712626
4.857142857142857,2.7,10.636363636363637,2.4,6,15,4.91,4.541821544432395
14.272727272727273,5.8,18.0,4.3,6,11,6.53,4.530729327452221
9.066666666666666,6.0,13.5625,3.4,6,15,4.92,4.605846684686862
6.0,5.4,13.263157894736842,4.2,4,13,6.02,4.783769288703908
4.095238095238095,3.4,10.454545454545455,2.6,7,18,5.2,4.720636952142446
12.882352941176471,5.5,15.38888888888889,4.1,4,19,6.18,4.74754993625786
8.363636363636363,5.3,17.083333333333332,4.2,6,22,6.49,4.483218508016374
8.692307692307692,5.9,19.5,5.4,6,32,7.62,4.628209364897609
3.0,1.2,9.263157894736842,0.5,5,5,3.76,4.3849080529664715
10.25,6.2,12.666666666666666,4.4,1,23,7.07,4.7735217695955985
8.363636363636363,3.7,11.304347826086957,2.6,6,21,4.68,4.64817441687363
11.0,6.5,17.333333333333332,4.3,2,17,7.15,4.860830493193687
4.75,1.9,9.8,1.7,2,17,3.37,4.522595457237075
9.615384615384615,4.5,14.714285714285714,2.3,4,13,5.28,4.586147299053417
6.125,5.1,12.555555555555555,2.8,4,5,5.14,4.312066167741294
6.363636363636363,2.4,9.73913043478261,2.4,3,12,4.31,4.55370029727586
9.928571428571429,5.1,14.133333333333333,3.5,2,23,5.77,4.468507217643414
6.052631578947368,2.4,10.1,0.5,5,19,3.75,4.503348636769885
5.117647058823529,3.0,10.833333333333334,2.7,5,13,4.45,4.588156800124689
8.85,5.0,12.857142857142858,4.5,7,15,6.09,4.843387276219975
13.0,5.0,14.11111111111111,4.8,2,12,6.72,4.2566158126577065
8.7,4.4,15.363636363636363,3.2,5,12,6.41,4.3960946473197104
9.473684210526315,5.0,13.35,3.1,6,20,6.29,4.766253629131471
7.352941176470588,4.3,15.0,3.5,5,21,6.13,4.802692730339613
10.117647058823529,5.3,15.222222222222221,4.3,3,17,6.87,4.807198344203581
12.909090909090908,7.9,20.583333333333332,5.4,6,16,7.61,4.674542272016899
9.157894736842104,4.2,13.9,3.5,2,14,6.41,4.794045908825276
11.76923076923077,9.2,18.428571428571427,7.2,6,21,8.93,4.74164369505603
30.6,17.0,45.333333333333336,13.5,6,32,15.8,4.829900706833764
10.384615384615385,6.3,14.642857142857142,4.3,1,18,6.59,4.438671053869588
9.15,6.4,10.857142857142858,2.7,6,10,5.57,4.703686840297088
5.230769230769231,2.6,8.185185185185185,1.3,4,6,3.58,4.643347571105309
7.888888888888889,4.8,13.473684210526315,3.1,0,19,5.82,4.689049714633589
5.318181818181818,2.9,11.91304347826087,1.7,8,24,4.73,4.551505825106486
6.333333333333333,1.9,11.297297297297296,1.3,7,27,4.7,4.696875469891973
14.1875,8.3,16.294117647058822,6.3,0,21,8.25,4.701773716514667
8.241379310344827,3.5,13.733333333333333,3.4,4,28,6.78,4.233409528610204
6.216216216216216,3.2,9.763157894736842,2.2,1,29,4.13,4.971142566035163
8.583333333333334,4.4,16.44,3.1,8,26,5.84,4.779367654308192
6.03030303030303,1.5,11.323529411764707,2.4,7,34,5.09,4.716002206153876
6.72972972972973,3.8,10.105263157894736,0.8,0,16,3.74,4.623928299667836
7.357142857142857,4.3,13.689655172413794,3.2,5,38,5.96,4.843485673709693
9.866666666666667,2.1,12.096774193548388,1.7,6,44,4.57,4.828214999223858
3.6363636363636362,0.8,11.735294117647058,1.4,5,61,4.3,3.8830889418726793
7.892857142857143,4.3,12.310344827586206,2.5,2,30,4.72,4.914349224296336
6.0344827586206895,2.0,10.866666666666667,2.3,2,27,4.24,4.847685378869776
7.277777777777778,1.7,10.526315789473685,1.1,1,20,3.76,4.174603041178042
4.133333333333334,2.1,12.225806451612904,2.7,0,52,5.0,4.432820719877562
3.4313725490196076,0.4,7.846153846153846,0.3,3,17,3.12,4.135785462231136
9.290322580645162,2.7,12.65625,2.0,1,36,4.95,4.772446606411824
6.483870967741935,3.0,9.0625,1.3,0,23,4.58,4.448227310634328
6.486486486486487,0.5,8.921052631578947,0.5,1,31,3.31,4.897790706716442
8.16,4.6,16.153846153846153,2.8,3,38,6.08,4.710366955489723
10.555555555555555,8.7,13.178571428571429,4.6,7,18,6.88,4.905279933684739
7.166666666666667,6.2,16.28,4.4,3,24,6.92,4.929882238219895
6.088235294117647,3.9,11.0,2.7,7,29,5.19,4.753708447351266
13.1,4.6,17.19047619047619,3.0,9,56,6.22,4.590011529987969
9.76,5.8,16.846153846153847,4.5,2,49,7.12,4.501829120696538
7.25,4.2,13.64,3.0,7,35,5.12,4.681773354859111
6.064516129032258,2.2,11.875,1.5,7,33,4.32,4.953408023404036
9.1,3.6,17.0,2.6,4,48,5.32,4.5053844391594735
0.9074074074074074,0.5,5.345454545454546,0.2,2,6,1.72,2.1464721000177986
6.925925925925926,2.6,11.464285714285714,1.2,3,34,4.21,4.796598779952685
7.466666666666667,2.1,12.75,1.5,3,14,4.68,4.4023188716745825
6.714285714285714,5.9,16.818181818181817,3.9,0,9,5.98,4.601737509107246
4.45,6.3,17.952380952380953,4.8,0,22,7.86,4.853991863140547
9.966666666666667,4.5,13.064516129032258,3.1,5,46,4.98,4.490265260793927
8.866666666666667,3.0,12.516129032258064,1.8,5,35,4.81,4.076640769326571
8.333333333333334,3.5,15.035714285714286,3.7,4,38,5.67,4.9565986159560165
6.6923076923076925,2.6,13.11111111111111,1.4,2,22,4.54,4.694129836483697
14.285714285714286,5.4,16.90909090909091,3.5,9,46,6.92,4.668546926767338
12.047619047619047,7.6,18.59090909090909,6.2,2,27,8.5,4.993185445606484
4.170212765957447,0.2,8.791666666666666,0.6,0,40,3.39,4.499881269950929
9.842105263157896,9.3,20.15,5.8,0,36,8.68,4.7901459451685415
8.2,3.7,11.806451612903226,1.3,8,17,4.57,4.8055047267628535
9.777777777777779,3.3,14.892857142857142,2.7,0,28,5.72,4.8717118262929695
5.9411764705882355,4.4,10.571428571428571,2.5,0,20,5.2,4.88762987989684
5.064516129032258,0.3,10.875,2.1,4,58,4.21,3.9067789814995537
6.206896551724138,4.0,11.066666666666666,2.0,0,16,4.98,4.824855738181062
13.4,8.0,19.19047619047619,5.1,0,40,7.56,5.089508098513926
8.566666666666666,3.9,10.838709677419354,2.2,6,28,4.46,4.525783396545283
5.774193548387097,2.5,12.8125,1.6,10,34,4.82,4.773545868972919
4.8,2.3,12.451612903225806,2.9,0,50,5.11,4.505365947540769
6.9714285714285715,2.2,9.86111111111111,1.1,2,29,4.13,4.830140907861777
12.428571428571429,10.8,26.533333333333335,8.7,5,43,10.24,4.549876073860953
5.645161290322581,3.1,12.5,1.8,0,30,4.87,4.861277724545969
15.7,9.6,19.285714285714285,6.8,8,13,8.79,4.902042415788008
5.151515151515151,1.8,10.911764705882353,2.4,8,33,4.6,4.4438751602961135
10.0,16.9,43.57142857142857,12.2,9,6,14.83,4.675750714347917
9.142857142857142,6.0,13.89655172413793,4.7,5,20,7.47,4.9684694385134325
6.25,0.6,9.486486486486486,0.8,8,17,4.17,4.707030854900632
7.458333333333333,4.6,15.68,3.7,0,29,6.34,4.866587711546053
8.368421052631579,2.5,12.6,1.6,3,12,3.91,4.521573000633416
11.923076923076923,4.9,14.333333333333334,3.6,0,25,6.0,5.002867578394316
15.75,10.8,26.529411764705884,8.2,8,42,11.31,4.687725258299796
21.545454545454547,15.0,30.5,10.8,5,27,13.92,4.927792242192143
6.586206896551724,2.6,12.9,1.8,4,27,4.91,4.7586502463616664
6.538461538461538,5.0,11.928571428571429,3.3,4,23,6.32,4.454603638543183
7.916666666666667,2.4,14.8,2.1,4,44,5.07,4.504171778246549
13.5,12.4,24.4,8.1,2,17,10.73,4.884828031359407
8.37037037037037,1.6,15.75,2.8,2,44,5.66,4.0601307488061895
8.444444444444445,6.2,17.473684210526315,4.3,0,21,6.45,4.861234247111336
11.555555555555555,9.7,22.105263157894736,7.3,0,22,9.6,4.883933455632362
9.047619047619047,3.5,17.272727272727273,2.5,6,38,5.32,4.7600312195299335
10.11111111111111,7.5,20.157894736842106,5.4,2,24,8.05,4.795633281143671
15.142857142857142,7.1,18.5,6.1,0,26,8.55,4.915273579281028
5.333333333333333,2.0,9.486486486486486,0.5,1,30,3.72,4.711732221952079
6.833333333333333,2.4,11.806451612903226,2.3,1,34,4.48,4.645987397295183
2.425,1.4,9.146341463414634,1.5,2,39,3.24,3.3186178523680296
3.85,2.3,9.073170731707316,1.5,8,23,3.93,4.657737314082772
5.888888888888889,3.3,12.5,2.7,1,23,4.97,4.918666769521568
6.555555555555555,4.3,12.107142857142858,2.8,6,22,5.18,4.897568362953082
14.8,9.3,18.80952380952381,7.7,1,34,10.24,4.786888599983113
4.857142857142857,1.8,11.527777777777779,1.3,5,35,4.56,4.718040991606416
6.375,3.5,10.545454545454545,2.4,1,21,4.73,4.836785498835273
6.935483870967742,5.7,13.03125,4.2,12,26,6.28,4.96884792169565
12.0,4.3,18.1,3.4,0,50,6.94,4.74983688637743
5.870967741935484,0.9,10.9375,1.0,4,28,3.82,4.717511837936808
7.166666666666667,7.1,13.0,4.7,0,5,6.68,4.04115112891309
4.242424242424242,3.3,11.529411764705882,2.4,2,22,4.48,4.756922322103111
7.958333333333333,5.2,14.48,3.2,1,19,5.6,4.611546699270036
7.653846153846154,4.4,13.703703703703704,3.4,7,34,5.53,4.935293661974589
6.107142857142857,2.3,10.551724137931034,1.2,3,35,3.92,4.557963647032211
8.233333333333333,2.8,12.096774193548388,2.9,1,40,4.95,4.696978093485155
6.791666666666667,7.4,14.36,5.8,3,9,7.51,4.959556167167389
7.318181818181818,2.3,11.782608695652174,2.7,5,22,4.89,4.548161532631116
7.03030303030303,4.1,9.441176470588236,1.7,0,28,3.55,4.446739111054082
5.0,1.9,10.307692307692308,2.6,2,25,4.71,4.739767043391593
12.5,7.3,16.565217391304348,6.8,3,28,8.91,4.87892465365467
6.8125,1.7,10.969696969696969,2.1,6,32,4.35,4.744322121986492
7.0,1.5,13.090909090909092,1.9,5,15,4.64,4.052643498744894
9.5,2.6,16.444444444444443,2.9,1,14,5.64,4.162241566567044
11.75,2.1,16.666666666666668,2.4,2,10,5.43,4.122718029091449
4.6,0.8,13.090909090909092,1.9,3,8,4.64,3.96288446559313
12.25,1.7,17.11111111111111,2.9,4,25,6.84,3.9128996416118116
8.0,3.4,14.5,3.5,6,10,6.02,3.836650209742666
6.888888888888889,0.7,14.6,1.2,1,9,5.08,4.014419336154018
6.461538461538462,0.2,10.5,2.2,2,13,3.76,3.8805833771996197
3.0625,0.4,8.117647058823529,2.5,1,8,4.16,3.6988008552660867
6.4,2.8,13.454545454545455,2.0,1,9,4.72,3.874233514862112
9.142857142857142,5.5,18.125,4.4,3,13,6.67,4.0978369305552
3.1818181818181817,1.3,11.916666666666666,1.4,1,17,4.08,4.0116007778890825
8.88888888888889,2.6,14.8,3.3,0,15,6.04,3.972611085031941
9.88888888888889,2.8,14.4,2.9,3,9,6.31,3.8670555818966563
3.857142857142857,-0.7,9.666666666666666,0.8,1,5,4.17,3.8070646545097895
11.333333333333334,1.3,14.6,1.8,0,7,5.72,3.6963384807172255
5.166666666666667,5.7,20.857142857142858,4.8,4,16,8.83,3.7835624688627782
4.769230769230769,0.8,10.428571428571429,0.9,1,6,3.6,3.9553845551144877
4.2,-0.9,8.875,0.4,4,10,3.44,3.8327378141020856
8.272727272727273,-0.4,12.833333333333334,1.4,2,11,4.08,4.003135882063924
5.7272727272727275,2.3,11.5,2.8,0,9,3.88,4.050697340599914
6.909090909090909,1.9,12.0,3.1,1,7,4.6,3.8845262944410046
4.076923076923077,0.2,10.214285714285714,0.6,1,9,3.32,4.1631625849551925
13.444444444444445,2.6,14.8,2.1,2,12,4.8,4.298274223954481
2.357142857142857,0.1,9.866666666666667,0.7,1,8,4.03,3.730500929257593
12.625,2.9,16.666666666666668,4.0,0,9,6.17,4.009692161406317
5.625,4.7,16.555555555555557,4.0,1,13,6.8,3.7900209099944626
5.636363636363637,-1.7,12.0,0.0,0,13,3.92,3.8898388652360243
6.75,0.4,10.307692307692308,1.3,1,7,4.0,4.000413438647895
10.3,-0.3,13.727272727272727,2.5,1,15,5.28,3.9947572602060486
10.142857142857142,2.0,18.375,3.8,1,16,7.17,3.866334881000012
6.5,-0.2,11.153846153846153,0.7,3,16,3.36,3.8749181827751444
6.666666666666667,0.4,11.538461538461538,1.1,2,9,4.45,4.183821300507423
4.888888888888889,2.4,14.5,1.7,2,8,4.44,4.2829230482685645
8.785714285714286,-0.9,9.6,1.5,5,16,4.55,3.1814182324692153
4.615384615384615,-1.4,9.142857142857142,-1.1,3,9,2.84,3.6315205710823335
14.8,6.3,24.0,5.5,3,12,8.28,3.941367869469575
7.6,2.2,13.090909090909092,2.0,5,7,5.06,4.229339651589179
7.083333333333333,-0.6,10.307692307692308,-1.1,2,14,2.84,3.6029518244029224
13.375,1.3,15.555555555555555,2.1,3,18,4.8,3.902399034003649
3.5454545454545454,0.9,11.916666666666666,0.9,2,14,3.6,4.125941399387869
9.2,1.6,14.090909090909092,2.8,3,11,5.56,3.8325793578195775
6.111111111111111,-1.3,11.9,-0.5,2,10,3.94,3.7219834436506707
4.083333333333333,-2.5,11.307692307692308,1.1,2,11,3.84,3.4128799109925856
3.6,-0.2,8.5,-0.7,2,4,3.24,4.072128986892314
5.071428571428571,-0.6,9.0,-0.4,2,6,2.88,3.6649288935872377
11.571428571428571,3.6,18.5,3.4,8,10,6.2,4.148717168806713
6.916666666666667,2.2,11.153846153846153,2.4,5,9,3.92,4.174043731295341
10.375,3.6,15.777777777777779,2.2,1,8,6.0,4.149861611439667
7.0,-1.0,10.538461538461538,1.0,3,6,4.08,3.862075291348127
7.0,3.1,16.11111111111111,2.8,3,8,5.88,4.065519514443088
5.875,3.4,15.333333333333334,1.7,1,15,5.6,3.465635032868468
2.7857142857142856,1.0,9.666666666666666,0.8,2,16,3.79,3.8296346765259948
9.875,4.4,16.666666666666668,4.3,4,5,6.52,4.0802571237289245
8.636363636363637,-1.5,12.583333333333334,1.9,2,14,4.6,3.5370710196875508
10.666666666666666,1.6,14.6,2.5,0,13,5.85,4.171822501978001
11.2,7.1,24.166666666666668,7.0,0,8,8.99,4.0365345729269375
9.333333333333334,10.2,36.0,9.3,5,18,12.86,4.1822068334968
4.857142857142857,4.1,18.0,4.4,5,14,6.33,4.096858172715072
4.384615384615385,1.8,10.285714285714286,0.9,0,8,3.56,4.060198497592776
10.0,1.3,14.9,2.3,1,9,5.08,3.971805158379073
6.4,3.0,12.454545454545455,2.3,1,6,3.84,3.911905684586921
6.5,1.8,11.23076923076923,0.7,2,6,3.74,4.069397385985806
4.714285714285714,6.2,17.625,4.6,4,16,7.81,4.068958726566711
7.555555555555555,2.2,15.0,2.6,2,9,5.66,3.955022131915404
10.625,3.7,15.777777777777779,3.6,1,12,5.5,4.189745045787793
1.75,-2.0,6.190476190476191,-0.9,3,2,2.38,3.480398138319564
9.75,3.5,16.555555555555557,4.1,4,5,6.62,3.888699195386322
15.88888888888889,4.7,14.6,3.2,4,17,5.96,4.184204714380676
4.545454545454546,-0.9,12.166666666666666,0.9,3,14,4.28,4.102772439666007
16.22222222222222,-1.5,14.7,-0.4,3,12,3.6,4.005755120392989
10.4,6.9,24.666666666666668,6.6,0,16,9.4,3.9625486185012275
5.583333333333333,0.9,11.153846153846153,2.5,1,14,5.06,4.329534248344471
7.5,1.3,16.0,1.6,4,10,4.62,4.196475910500439
6.2,-0.3,9.4375,0.5,2,12,3.16,3.9924384302902878
7.7,1.7,13.272727272727273,1.6,2,10,4.36,4.165395980563697
5.714285714285714,0.7,8.933333333333334,0.6,2,8,3.69,4.143823480525512
16.75,2.4,16.444444444444443,3.2,1,21,6.0,3.864911063626208
3.7058823529411766,-0.3,7.777777777777778,0.1,9,3,2.8,3.7617525972117685
9.8,7.6,25.0,6.2,3,11,9.37,4.0579912399050535
7.5,4.4,21.142857142857142,6.0,0,7,8.5,3.9768599461162077
4.875,3.7,16.22222222222222,3.2,2,10,5.92,3.815123066719991
5.6923076923076925,-0.2,10.071428571428571,1.0,5,6,4.08,4.056878205832499
6.9,0.2,13.0,0.7,1,24,4.6,3.5843711517779897
5.0,0.2,10.923076923076923,1.0,5,16,4.02,4.005507893994373
2.388888888888889,-1.4,7.315789473684211,-1.4,1,6,2.6,3.901537406759973
7.714285714285714,4.4,18.0,0.8,0,14,4.34,4.009458291296244
14.166666666666666,6.2,19.857142857142858,6.0,2,12,7.6,3.565367332375788
9.833333333333334,4.6,20.857142857142858,3.8,3,18,6.91,4.2618933026381525
8.0,6.6,25.5,7.1,2,15,8.72,3.9642754536423976
6.333333333333333,1.6,10.923076923076923,1.6,1,15,4.28,4.165873575921175
8.333333333333334,-0.3,11.76923076923077,2.1,3,16,5.1,3.7271737127829883
6.923076923076923,0.5,10.357142857142858,1.7,2,7,3.56,4.07206450470986
4.166666666666667,1.1,10.692307692307692,0.9,3,7,3.94,4.05551765023208
10.285714285714286,5.6,18.25,4.7,4,12,6.64,4.047469804540789
6.2,1.0,13.090909090909092,1.7,2,9,4.4,3.7076298597645954
4.111111111111111,3.4,14.4,2.1,2,10,4.8,3.690214633222652
5.7272727272727275,2.2,11.166666666666666,0.0,4,17,2.72,3.076173665488549
1.8,-0.6,7.818181818181818,0.4,2,3,2.75,2.734308861697326
5.0,1.5,11.5,1.1,3,13,3.76,3.6931998155897308
2.125,-3.4,8.705882352941176,-1.7,4,2,2.28,3.1678676505245607
4.333333333333333,3.3,11.8,2.4,4,5,4.33,3.787183453841642
5.222222222222222,0.9,13.4,0.4,1,21,3.12,2.9716187300351407
3.4761904761904763,1.3,8.045454545454545,-0.2,1,13,2.96,3.260901912684959
5.666666666666667,-0.5,9.2,1.5,2,6,3.0,3.169703726006496
5.555555555555555,-0.2,9.4,0.5,1,5,3.2,3.4966973848032534
17.727272727272727,6.0,24.833333333333332,5.0,1,44,7.93,2.8238757577370164
6.0,9.3,11.166666666666666,3.0,2,0,5.7,2.9481019188839803
5.5,-2.5,10.4,-0.5,2,7,2.28,2.365630588508594
5.111111111111111,1.0,10.4,0.9,1,4,4.01,3.5283531867677653
49.125,15.8,53.111111111111114,14.5,2,6,16.65,2.247790101990845
6.555555555555555,1.5,19.6,2.6,2,5,5.59,2.9002949907821947
2.125,5.0,9.444444444444445,2.4,2,3,3.46,3.384156454180243
6.8,12.2,11.5,3.0,1,4,4.52,2.6290200859090564
9.333333333333334,6.6,20.4,5.6,2,5,7.87,3.138363288895213
3.4444444444444446,0.9,11.3,1.3,3,8,4.04,3.727067964007289
3.0,2.4,10.3,1.0,1,3,4.11,3.146911766490602
1.3,5.8,6.636363636363637,-1.3,1,0,2.64,3.0426087321401187
8.88888888888889,3.2,17.4,3.1,1,0,5.84,3.256943882382617
7.9,1.4,13.0,1.3,5,16,3.96,3.2697617537972845
5.111111111111111,2.5,12.6,1.6,5,4,4.65,3.885977081902642
4.111111111111111,1.9,10.5,0.6,1,4,3.32,3.2717384241342677
3.5555555555555554,1.1,11.1,4.8,1,4,3.96,2.8341640722336843
0.3333333333333333,-0.8,5.3,1.4,3,1,1.72,1.9359498353833438
5.555555555555555,1.9,15.9,2.7,3,12,5.7,3.2369967209594
2.4444444444444446,3.2,9.8,1.0,1,3,2.48,2.724222646784889
4.444444444444445,0.8,12.6,1.8,2,12,3.79,3.1443495649122712
0.0,-3.0,7.0,0.5,1,10,2.0,1.6094379124341005
3.5,1.8,8.545454545454545,-0.2,3,2,2.6,3.396597468985873
4.111111111111111,1.8,13.0,2.7,5,15,4.65,3.825074257226367
3.4285714285714284,-0.9,9.5,-1.7,2,5,2.24,2.9440793317401655
3.4615384615384617,2.3,7.857142857142857,0.7,2,3,2.78,3.309175068369793
6.777777777777778,-0.9,9.4,-1.1,2,6,2.84,3.5793494946620745
3.4545454545454546,1.7,8.833333333333334,1.0,4,10,2.52,3.3958984441623548
3.111111111111111,2.6,13.8,2.2,2,11,4.92,3.2893707060244006
4.0,2.6,11.6,2.5,2,2,4.0,3.2500388764677517
3.9,-1.5,7.181818181818182,0.8,2,7,2.89,2.9741016258273714
3.9,0.2,8.818181818181818,-0.2,2,8,2.56,3.3429269260575665
4.333333333333333,2.8,12.6,0.4,3,12,3.08,3.434084404494079
1.7777777777777777,-0.7,11.3,0.4,1,2,3.04,2.794711012109136
4.222222222222222,2.8,9.6,-0.3,2,2,2.44,3.2443014756138835
3.5555555555555554,-0.1,11.2,-0.2,3,13,2.6,3.0143050916333816
3.625,0.5,10.555555555555555,0.3,3,8,3.56,3.683647387044504
4.0,3.0,8.090909090909092,0.6,2,6,3.28,3.36814689578213
9.555555555555555,4.3,17.2,3.3,4,13,5.83,3.8125026074271675
1.3333333333333333,-1.1,8.1,-0.3,1,7,2.44,3.070597723112969
2.4444444444444446,4.7,9.3,0.5,2,5,1.96,3.1701048441935744
4.222222222222222,-1.0,9.5,-0.7,1,1,3.28,3.4950745655475965
2.727272727272727,1.1,9.666666666666666,0.3,3,13,3.53,3.3586473974098556
2.2222222222222223,2.4,10.3,2.2,2,5,3.68,2.781139155916982
4.375,4.5,8.333333333333334,-2.0,2,0,1.92,3.007746573426763
0.0,-3.8,6.0,-0.8,2,0,2.0,1.8998348122993471
4.0,2.4,10.727272727272727,-0.2,2,4,2.6,2.66803751492629
3.4,0.9,9.363636363636363,-0.5,2,0,2.28,3.2511681232939056
0.7777777777777778,-2.3,8.0,1.0,1,0,2.48,2.5064233836917986
2.0,2.5,6.25,-0.5,1,0,2.28,2.7516666169315167
6.444444444444445,3.3,13.7,3.3,1,6,5.21,3.7452559704754216
2.2222222222222223,-0.8,8.9,-1.0,2,5,2.96,3.0200215110437574
1.6666666666666667,2.0,10.7,2.3,1,11,4.22,2.5683221116502795
5.555555555555555,3.1,11.5,1.7,2,14,3.2,3.343864716053306
0.4444444444444444,0.2,6.6,-0.9,1,6,1.84,2.3735081021225954
0.0,-5.4,5.0,1.3,1,0,1.6,1.3862943611198906
3.7,-1.3,8.909090909090908,0.0,2,1,2.68,3.4509563435761357
3.5555555555555554,-1.2,10.8,-1.2,3,3,2.72,3.36684757827547
35.083333333333336,12.9,30.76923076923077,10.0,1,30,10.64,2.1024992285948585
4.909090909090909,4.9,7.416666666666667,2.4,1,1,2.76,3.5945339502927838
4.444444444444445,-2.4,8.1,0.0,2,4,2.72,3.240811729658778
5.461538461538462,3.9,8.357142857142858,2.5,1,9,4.12,2.8563535836205753
4.222222222222222,1.3,9.4,0.9,3,2,3.56,3.543674006285769
5.666666666666667,2.5,11.142857142857142,-1.1,1,4,2.88,3.053284919251711
1.8888888888888888,2.2,7.8,-0.4,2,2,2.4,3.090428658178062
3.111111111111111,7.1,24.7,6.6,2,14,9.57,3.4246594503270114
1.5555555555555556,5.6,12.3,4.1,1,19,4.44,2.38512449754595
2.0,2.0,9.466666666666667,0.9,3,7,2.36,3.107993156600305
3.5555555555555554,1.9,9.2,-0.2,1,7,3.34,3.212938866671769
1.8888888888888888,0.7,9.0,-1.8,2,8,2.12,3.0974204675671606
5.333333333333333,2.4,13.7,1.6,2,10,4.32,3.8178261727614524
3.111111111111111,0.1,8.6,-0.5,3,2,2.28,3.272270654714013
3.75,1.3,7.333333333333333,3.0,1,12,2.12,2.0599173703783364
3.111111111111111,-1.0,8.5,-0.2,2,8,2.56,3.1232463688185867
8.222222222222221,0.6,12.6,-0.6,2,0,3.4,2.4892676237910183
5.333333333333333,3.0,13.1,2.5,1,6,5.2,4.030017166602424
19.555555555555557,5.0,22.3,5.3,2,11,8.08,3.479087297148412
2.888888888888889,3.9,12.6,2.8,2,6,5.46,3.701186518580516
3.5555555555555554,4.3,15.9,2.7,2,23,4.96,3.7736089928076804
2.111111111111111,-0.1,9.2,-2.0,2,2,1.92,2.561022066557339
34.142857142857146,15.6,39.625,14.9,2,55,19.12,2.5013143728003433
8.6,3.1,12.454545454545455,2.9,3,7,4.48,3.478012109927294
8.384615384615385,0.1,11.714285714285714,-0.3,2,11,3.72,3.6043291293696176
0.0,-3.2,9.0,0.1,1,0,2.8,1.945910149055314
3.2222222222222223,4.9,8.4,3.4,3,5,4.91,3.1572170982152645
12.0,5.3,12.0,3.8,2,0,4.2,2.2274376530946975
12.428571428571429,8.6,13.454545454545455,4.3,3,32,6.2,5.027815555754254
5.615384615384615,3.1,13.222222222222221,1.6,7,23,4.36,4.919469164379469
7.352941176470588,7.2,15.222222222222221,2.9,8,30,4.33,4.958096211673669
13.241379310344827,7.1,21.233333333333334,4.5,8,69,7.54,5.253909859753177
5.2,5.9,13.923076923076923,3.0,7,20,5.61,5.044724254939851
2.5833333333333335,3.7,5.92,1.0,3,4,3.68,3.3806235373533955
12.8125,8.1,19.96969696969697,6.0,19,68,8.06,5.537680351249571
15.153846153846153,9.0,23.11111111111111,5.8,6,59,8.4,5.436848216122822
7.363636363636363,6.2,10.565217391304348,2.0,0,9,4.72,4.7501574084219556
8.272727272727273,7.4,15.043478260869565,3.8,6,34,5.95,5.165155392718166
5.689655172413793,4.1,11.266666666666667,2.1,1,25,4.45,4.987811952429215
11.166666666666666,4.8,12.157894736842104,2.4,5,12,4.61,4.794102162633022
10.21875,10.2,11.484848484848484,5.4,5,8,6.33,5.225626024838566
4.722222222222222,7.8,8.81081081081081,3.2,0,14,6.11,5.0247935713710135
4.066666666666666,3.3,11.125,1.4,5,7,4.62,4.370216713542425
9.472222222222221,5.5,11.297297297297296,2.2,4,34,4.33,5.116624344704832
7.653846153846154,3.1,9.962962962962964,1.3,4,14,3.47,4.710359274853354
10.185185185185185,9.4,15.785714285714286,5.6,4,28,7.65,5.389402412301691
8.615384615384615,7.3,14.444444444444445,4.8,5,45,6.55,5.223906332476602
19.333333333333332,14.2,26.0,9.3,10,26,11.92,5.7414579926356115
11.333333333333334,8.9,12.774193548387096,6.1,4,21,7.39,5.2269315501519245
7.897435897435898,8.3,9.075,3.9,6,26,5.78,5.05101654042919
9.066666666666666,6.1,17.677419354838708,4.3,10,47,6.27,5.335378908631695
6.154929577464789,5.2,7.444444444444445,2.2,11,16,4.26,5.352234379039228
11.36,6.9,20.884615384615383,5.6,5,62,7.41,5.190597739353051
11.625,4.7,14.212121212121213,2.4,10,37,4.88,5.304656701240476
3.769230769230769,2.0,9.37037037037037,0.2,6,15,3.52,4.690542120366663
15.192307692307692,11.6,16.703703703703702,5.2,3,5,7.72,5.282061422403213
10.192307692307692,4.6,18.814814814814813,2.7,5,52,5.54,5.156046316952616
13.454545454545455,10.5,31.26086956521739,7.6,7,73,10.07,5.510310187966482
9.75,6.0,14.8,2.6,8,24,5.26,5.132154043311361
15.565217391304348,12.6,29.041666666666668,8.1,7,44,10.55,5.531314290156207
8.871794871794872,5.9,8.025,2.1,8,18,4.84,4.901681170493651
7.354838709677419,2.0,10.96875,0.6,5,30,3.44,4.938126178407838
16.933333333333334,10.2,25.483870967741936,6.2,8,78,9.43,5.369884883149437
4.454545454545454,8.5,9.391304347826088,3.0,5,18,5.19,4.665931542569749
7.611111111111111,4.4,9.621621621621621,1.5,5,27,3.78,4.98348770785366
11.588235294117647,13.2,11.857142857142858,9.2,1,19,10.15,5.220560254973957
5.384615384615385,1.3,9.37037037037037,0.1,6,18,2.76,4.6162515254832766
5.125,5.2,8.647058823529411,2.4,0,11,3.48,4.192662377191537
13.894736842105264,10.2,17.35,7.0,6,29,9.76,5.157017082163504
10.615384615384615,7.0,11.814814814814815,2.9,2,20,5.58,5.126949076855023
14.827586206896552,12.0,29.866666666666667,8.9,11,109,11.12,5.5359528779538945
9.161290322580646,7.4,13.65625,4.5,2,32,6.66,5.35518026605153
9.181818181818182,6.4,13.130434782608695,3.4,5,23,6.26,5.021353799674888
14.62962962962963,11.6,20.142857142857142,7.6,5,30,8.96,5.508175702000214
9.071428571428571,7.2,14.172413793103448,4.8,3,29,7.28,5.076257621937158
9.764705882352942,3.7,12.5,2.1,0,17,4.57,4.5839100984640115
11.0,4.8,15.416666666666666,2.7,6,39,5.92,5.14096283034673
5.769230769230769,6.3,10.62962962962963,3.3,10,32,4.81,4.677981535876226
10.28,7.5,21.192307692307693,5.2,9,54,7.27,5.338409131991778
6.826086956521739,4.6,10.583333333333334,3.1,2,19,5.82,4.837073380665117
12.37037037037037,6.3,10.821428571428571,3.1,5,33,5.17,5.0223790059478315
7.0,7.2,9.458333333333334,2.6,8,9,4.35,4.855740487956682
2.6956521739130435,3.3,7.416666666666667,0.9,2,4,3.1,4.208535433402357
7.884615384615385,3.6,11.11111111111111,2.4,2,22,4.54,5.008180180013701
6.157894736842105,6.4,9.15,1.5,0,14,3.31,4.656679317335703
6.85,5.4,17.047619047619047,3.8,5,34,6.28,5.06632629843779
7.7894736842105265,5.2,12.65,2.8,6,19,4.98,4.78655984061552
12.03448275862069,11.0,18.166666666666668,6.4,6,26,8.77,5.571002708052744
8.05,8.1,14.0,4.1,3,34,6.48,4.979757020170771
10.757575757575758,6.3,15.176470588235293,4.0,7,28,6.37,5.373203028933134
11.4,5.4,17.38095238095238,2.9,7,33,4.88,5.101632955158632
9.3,8.5,11.0,4.0,2,43,6.14,5.425559403665852
9.933333333333334,7.6,13.125,4.1,2,22,6.25,4.748881115769211
5.481481481481482,4.9,11.071428571428571,3.1,5,21,5.35,4.912171458946018
12.428571428571429,9.1,24.103448275862068,6.8,4,62,9.26,5.402068511158589
8.142857142857142,13.6,9.96551724137931,5.9,2,8,6.99,5.003577572452789
8.333333333333334,8.9,18.6,5.8,10,31,7.82,5.384995081810305
9.529411764705882,6.4,20.055555555555557,4.1,6,26,7.31,4.862779924054545
8.666666666666666,7.6,11.357142857142858,3.5,3,18,6.8,5.041928204580433
6.269230769230769,4.5,9.25925925925926,2.7,5,16,5.54,4.661221007483769
5.705882352941177,3.1,13.055555555555555,1.9,7,19,4.8,4.510652563053161
12.533333333333333,7.3,18.677419354838708,5.5,13,49,7.68,5.281662216745821
9.785714285714286,5.9,16.06896551724138,2.7,3,46,5.72,5.260563622739224
8.423076923076923,2.5,10.925925925925926,0.5,7,20,3.24,4.843621293283846
7.688888888888889,1.6,6.543478260869565,2.0,1,22,3.74,4.8139657910137155
10.681818181818182,6.4,13.304347826086957,3.9,5,12,6.39,5.077941168835748
6.5,5.3,8.04,1.3,1,7,3.73,4.65058624352267
9.96551724137931,7.6,13.333333333333334,4.8,12,24,7.12,5.319364119542726
11.954545454545455,5.1,11.173913043478262,3.0,5,22,5.11,4.696136868276801
8.25925925925926,7.5,13.535714285714286,3.6,5,25,5.88,5.202970714382111
14.793103448275861,7.7,21.8,4.8,0,58,7.78,5.308399555776862
14.864864864864865,9.7,20.763157894736842,6.5,9,75,8.99,5.7076561123347505
17.64516129032258,9.7,27.75,7.3,4,88,9.33,5.581615590346235
16.27027027027027,8.9,14.736842105263158,6.1,5,62,8.99,5.343928420711696
9.666666666666666,4.5,16.727272727272727,2.2,5,38,5.7,5.127569124983088
5.35,2.5,9.333333333333334,0.5,2,8,3.46,4.5697768676178505
10.375,6.8,13.705882352941176,4.4,2,10,5.72,4.75619779054492
11.346153846153847,7.5,22.74074074074074,5.5,9,46,7.65,5.296808995179992
15.117647058823529,10.6,16.6,7.4,4,36,9.22,5.515650703283363
17.807692307692307,9.6,28.185185185185187,6.6,10,66,9.86,5.414663815678717
5.52,2.7,10.923076923076923,0.7,5,22,3.55,4.863008693168972
10.047619047619047,5.9,13.727272727272727,3.1,4,23,6.06,4.807526741573281
9.478260869565217,7.0,11.708333333333334,3.4,3,23,6.34,4.943102613420699
8.25,8.9,9.169811320754716,3.7,3,21,5.84,5.328863558330469
