coherence_analysis.local_coherence_embeddings,coherence_analysis.entity_coherence,coherence_analysis.overall_coherence,coherence_analysis.coherence_values.2,coherence_analysis.coherence_values.3,coherence_analysis.coherence_values.4,coherence_analysis.coherence_values.5,coherence_analysis.coherence_values.6,coherence_analysis.coherence_values.7,coherence_analysis.coherence_values.8,coherence_analysis.coherence_values.9,coherence_analysis.coherence_values.10,originality_analysis.semantic_distance,stylistic_analysis.linguistic_metrics.lexical_diversity.TTR,stylistic_analysis.linguistic_metrics.lexical_diversity.log_TTR,stylistic_analysis.linguistic_metrics.average_tree_depth,stylistic_analysis.linguistic_metrics.average_subordination_depth,stylistic_analysis.rhetorical_devices.counts.synesthesia,stylistic_analysis.rhetorical_devices.counts.paradox,stylistic_analysis.rhetorical_devices.counts.epiphora,stylistic_analysis.semantic_density.cosine_similarity,stylistic_analysis.sentence_rhythm.coefficient_of_variation,sentiment_analysis.average_entropy,sentiment_analysis.average_max_confidence,sentiment_analysis.average_valence_intensity,sentiment_analysis.sentiment_distribution_positive,sentiment_analysis.sentiment_distribution_negative,sentiment_analysis.sentiment_trend,sentiment_analysis.temporal_dynamics,sentiment_analysis.emotional_complexity,sentiment_analysis.emotional_volatility,sentiment_analysis.emotional_persistence,sentiment_analysis.emotional_oscillation,thematic_analysis.inter_theme_similarity,thematic_analysis.graph_modularity,stylistic_analysis.rhetorical_devices.counts.allegory
0.4760247141122818,0.2002164502164502,0.21355130064681382,0.3376739889025618,0.25010415035845607,0.2982862400185233,0.264140947189688,0.3220458243085274,0.33607131237615384,0.37241488088960906,0.353171379644319,0.31888985710122464,0.234364285835853,0.651685393258427,0.9046050239058966,1.9607843137254901,1.0,0.0,0.0,0.0,0.20497171580791473,0.1825390855394633,0.025066353982674632,0.9959959387779236,0.9919918851034405,1.0,0.0,0.0012047068177101325,0.380518662416218,0.5607180300546412,0.8,0.2,0.0,1.0,0.0,
0.2785375118255615,0.03125,0.30328357312600457,0.3709994807240706,0.3850495773013254,0.4127322288205357,0.37296793886875823,0.3878691631396978,0.39457332437837483,0.35217759217927097,0.39134104029398703,0.3937523000875635,0.24473771315354567,0.6753246753246753,0.9096272357649173,2.056179775280899,1.2,0.0,0.0,0.0,0.18866804242134094,0.10049743719100178,0.05802669813172404,0.9876764218012491,0.9753528860746883,0.8333333333333334,0.16666666666666666,-0.25566489815634397,0.0002632931136932454,0.4866912155786836,0.0,1.0,0.0,1.0,0.0,
0.3682441543787718,0.26989898989898986,0.02175585283800316,0.3568464246576638,0.32668924272434136,0.3350613946636547,0.3446777710511676,0.4015483850993691,0.4162346285633495,0.4343895158503539,0.4175421653931913,0.3595908672974833,0.2082267788740305,0.6559139784946236,0.9069572262854936,1.8636363636363635,1.0,0.0,0.0,0.0,0.2049964815378189,0.20311621881845734,0.02539093281222739,0.9960163831710815,0.9920327930844256,1.0,0.0,2.0889402367117736e-05,0.0036330056327430527,0.5877292145358013,0.6666666666666666,0.3333333333333333,0.0,0.4532143771648407,0.0,
0.31003788113594055,0.022727272727272728,0.11333855836360658,0.350874256408681,0.390152376407493,0.34604059879585664,0.3487841838003053,0.37607931176975806,0.3656331028258388,0.4128630966442798,0.37946489852979054,0.31273869187027054,0.2616240483063918,0.7319587628865979,0.9317921715867287,2.0,1.2857142857142858,0.0,0.0,0.0,0.21726389229297638,0.13424492674480548,0.02637716005769094,0.9957473618643624,0.991494711654793,1.0,0.0,0.0003798149215677652,0.3031364345473431,0.58301358513765,0.6666666666666666,0.3333333333333333,0.0,1.0,0.0,
0.43356359750032425,0.14354395604395606,0.08057050756556551,0.28140896198217125,0.28822689668336315,0.31608503758580175,0.3235981598854174,0.32381349850752866,0.30669353051344606,0.3996406597599724,0.39364282988710764,0.40287267589051234,0.2665985584259033,0.6506024096385542,0.9027218677057767,2.18,1.5,0.0,0.0,0.0,0.20769889652729034,0.1346600658448277,0.026908344274365215,0.9952246050039927,0.9904491952426421,1.0,0.0,0.003998062150397502,0.17033749179772484,0.5824424089527063,0.4,0.6,0.0,0.33446231484413147,0.0,
0.36154104408717924,0.0967143967143967,0.6249438352411121,0.3572491505812857,0.3264496253559538,0.3265580721256544,0.3289994499719035,0.3276148792025295,0.3161773446315118,0.33645444479934383,0.33183203733407407,0.3175541642400971,0.2541347526586973,0.5125448028673835,0.8813102441433519,1.7485380116959064,1.125,,,,0.20043501257896423,0.692673792875502,0.06921031833938451,0.9803360167302584,0.9606720367140186,0.5263157894736842,0.47368421052631576,0.05483957879938445,0.17025419697925728,0.6337028158747519,0.4444444444444444,0.5555555555555556,0.0,0.38122883439064026,1.1102230246251565e-16,
0.35326871008445054,0.08418040293040294,0.17776680314382368,0.3251929653775081,0.34646722485271697,0.3026898027106987,0.31607306161276094,0.3664988070367192,0.23283811797576157,0.367072195479033,0.32976250767949095,0.3359731744968414,0.2880245382969196,0.47289156626506024,0.8709953915665878,1.8786407766990292,1.0,0.0,0.0,0.0,0.19573155045509338,0.6701685446554556,0.06247789968358659,0.9779145147489465,0.9558290242794496,0.6521739130434783,0.34782608695652173,0.02302298248812024,0.12897047068771011,0.6482221071244813,0.2727272727272727,0.7272727272727273,0.045454545454545456,0.4591895639896393,0.0,
0.41018648764916826,0.099125091374269,0.22967185341613264,0.32673612353148945,0.33138380039625187,0.3354297174570573,0.3469922396352275,0.300541889950779,0.2906622612104749,0.2982076726049958,0.30210492362341324,0.3303868211228652,0.2928063465998723,0.46835443037974683,0.868213357778216,2.0053475935828877,1.1764705882352942,0.0,0.0,0.0,0.207041397690773,0.6475182192731394,0.03103292776098759,0.9947509873997081,0.9895019810170528,0.5454545454545454,0.45454545454545453,0.03389002214828367,0.09766503705621908,0.6173351699393531,0.19047619047619047,0.8095238095238095,0.0,0.21102258563041687,0.0,
0.37378885326606615,0.11289847305472306,0.2014970732761063,0.29259484652437817,0.2882900502865201,0.3115405206933052,0.2951619457367527,0.317053467441395,0.3128160177890424,0.33639527275529196,0.3261439604016768,0.32179487981009974,0.2532360090659215,0.439873417721519,0.8573132273857665,1.8518518518518519,1.2380952380952381,0.0,0.0,0.0,0.20155420899391174,0.6107566999515038,0.047886380471495425,0.9904801086945967,0.980960215759379,0.7272727272727273,0.2727272727272727,0.04695266314290866,0.24170496259862706,0.6542947973627018,0.47619047619047616,0.5238095238095238,0.047619047619047616,0.5007095336914062,0.0,
0.4197800167297062,0.12709191849816848,0.1457040233348268,0.31569231367106726,0.31281219624284234,0.3044522495381121,0.2823300590034298,0.29600403137875225,0.27476417791868746,0.21666170028364135,0.2898638858609164,0.33203134835170645,0.31269094347953796,0.3856041131105398,0.840206024836087,1.7775377969762418,1.2962962962962963,0.0,0.0,0.0,0.20180675387382507,0.6616450387731115,0.04141668886860465,0.992083403799269,0.9841668145511195,0.5555555555555556,0.4444444444444444,0.037739245080066694,0.1775463318059741,0.649954326738745,0.34615384615384615,0.6538461538461539,0.0,0.38247331976890564,0.0,
0.3722516327135025,0.0963955759687467,0.3617909322015306,0.3486723394893241,0.32600698733160355,0.35699278320308425,0.30394520481991905,0.28991725146453573,0.29421366115607034,0.2776652127003717,0.2991653784020564,0.3148845222075109,0.2825030776170584,0.516209476309227,0.8896818669821946,1.9341825902335457,1.2272727272727273,0.0,0.0,0.0,0.19710557162761688,0.5603630099221845,0.04428585559406792,0.9911069406403435,0.982213885428522,0.5925925925925926,0.4074074074074074,0.03607353443300757,0.2089816128401245,0.6529225228377135,0.46153846153846156,0.5384615384615384,0.0,0.30053433775901794,0.0,
0.35071625162593345,0.091525803929896,0.2184167917251809,0.31275066303573185,0.371786283084744,0.3656190872707774,0.3864577714596383,0.36598610540135224,0.3502016821538942,0.33190238930763694,0.3417683232880979,0.29542294985870016,0.2618676034303812,0.4750378214826021,0.8853727947962324,2.075887392900857,1.236842105263158,0.0,0.0,0.0,0.20776651799678802,0.6085987748228926,0.057372078522702756,0.981948507103053,0.9638970184936294,0.3409090909090909,0.6590909090909091,-0.015182722202824796,0.07894083402759361,0.6895130372191183,0.32558139534883723,0.6744186046511628,0.023255813953488372,0.24421097338199615,0.0,
0.4233552479439161,0.22568951972734866,0.43869044780402405,0.3052320911963531,0.3467755434570438,0.3089806418929944,0.3338295135008843,0.3035103968877653,0.30587242584378166,0.3054468590985988,0.3161348112074945,0.3339712411734747,0.20767819743890029,0.32405891980360063,0.8414756293781972,1.940443213296399,1.2666666666666666,0.0,0.0,0.0,0.2117832452058792,0.6666782265638087,0.035530600163524814,0.9917755795688163,0.9835511612813783,0.6707317073170732,0.32926829268292684,0.022017345336800782,0.25522940117987325,0.720682172881993,0.5185185185185185,0.48148148148148145,0.0,0.3389988839626312,0.025286689948439772,
0.3403441735676357,0.0701660112374398,0.3521013052770144,0.3600359404899631,0.3921683311393016,0.3444883586717826,0.35430186145983444,0.35708327401960144,0.30282608082760687,0.3080567675563627,0.3583043053626508,0.3185796049439347,0.2092259109020233,0.5201793721973094,0.8928610806263947,2.081749049429658,1.3125,0.0,0.0,0.0,0.20131726562976837,0.6336868996745176,0.03660650162126881,0.9935144086678823,0.9870288104109932,0.3333333333333333,0.6666666666666666,0.0053271328725720225,0.027958453652313798,0.6561958803379987,0.2413793103448276,0.7586206896551724,0.06896551724137931,0.32592418789863586,0.14720409429177658,
0.34344432037323713,0.11681940541589662,0.2415099960601688,0.2490643538528499,0.2973145872874189,0.28188290990658404,0.32473232748409087,0.3367242441170455,0.2825264711417764,0.30739666965089885,0.2677287014677075,0.27696951593670316,0.22716816938840426,0.4391891891891892,0.8711014100977073,2.0594059405940595,1.2954545454545454,0.0,0.0,0.0,0.20233890414237976,0.7836298658620715,0.040365035116696216,0.9925528824329376,0.9851057517531444,0.35,0.65,0.01771003664490614,0.17070647921179216,0.676164746736698,0.48717948717948717,0.5128205128205128,0.02564102564102564,0.41791215538978577,0.0,0.0
0.3452972668138417,0.03978787878787879,0.15654090042674867,0.3433882198548396,0.3289202975810122,0.30997114428543737,0.30159656547918084,0.29553053950976177,0.32924272899647405,0.36288871210234797,0.3795718298705515,0.3514719482468912,0.2169646327312176,0.4986149584487535,0.8818244982547265,2.120649651972158,1.588235294117647,0.0,0.0,0.0,0.21789246797561646,0.6656916192239277,0.03615510667793326,0.9937872290611267,0.9875744625786319,0.72,0.28,0.02525465909528303,0.13912619714762348,0.6414858608851617,0.25,0.75,0.0,0.346118301153183,0.0,
0.29763605410144445,0.032058159232072274,0.36166370697943323,0.35170768305089184,0.3722140313565771,0.362380380174408,0.2848786753633959,0.27723140228740983,0.24458711685331042,0.3159589816450644,0.2913429356474493,0.32590533188301596,0.2009224070952489,0.536723163841808,0.8939782992438459,2.1872037914691944,1.1923076923076923,0.0,0.0,0.0,0.21345004439353943,0.6270331647896457,0.05706509758799808,0.9766837358474731,0.9533674722042633,0.8333333333333334,0.16666666666666666,-0.0035916229791230214,0.21864522149057675,0.6441871816599584,0.43478260869565216,0.5652173913043478,0.0,0.3657805025577545,1.1102230246251565e-16,
0.4122031236688296,0.059899749373433585,0.5283435851726033,0.3969353962238414,0.3542760282303807,0.36922127024505913,0.26061699670504274,0.29937987104421476,0.33592652417795205,0.30905034284380817,0.3187811749281074,0.3227174568911272,0.20080227301670955,0.5863309352517986,0.9051338208279346,2.165644171779141,1.3333333333333333,0.0,0.0,0.0,0.20795759558677673,0.6459299162107723,0.02630271301672706,0.9956259915703222,0.9912519880239606,0.7894736842105263,0.21052631578947367,0.048763368291962185,0.1189305988111632,0.6419462958919792,0.3888888888888889,0.6111111111111112,0.0,0.4759225845336914,0.0,
0.33656912948936224,0.041985645933014355,0.5232614345523396,0.38606722274983435,0.38496608090965906,0.31760980378770165,0.3447975355047535,0.31654241985609555,0.30591042474902075,0.3026281388544084,0.3004628754463916,0.3042951363877783,0.20096617753689106,0.5613496932515337,0.9002209317924836,2.1614583333333335,1.4444444444444444,0.0,0.0,0.0,0.2007894217967987,0.6593710592022145,0.04980192067490993,0.9875487983226776,0.9750975939201784,0.7727272727272727,0.22727272727272727,0.01716863252666025,0.0008820884846251991,0.6324672581896055,0.09523809523809523,0.9047619047619048,0.0,0.2546517550945282,0.0,
0.27612825998893153,0.02462511446886447,0.21546058540928045,0.31679061151200105,0.3179051817284173,0.35566663724515857,0.3367160093576581,0.3603718330758486,0.34484958418613226,0.29017015498853366,0.34580419012595787,0.34744166322278164,0.23552765112656812,0.5054347826086957,0.884508008503482,2.2142857142857144,1.2666666666666666,0.0,0.0,0.0,0.20372702181339264,0.6691463522799825,0.051329780216325165,0.9881159520149231,0.9762319042300805,0.56,0.44,0.005507658965855267,0.1388853867364252,0.6225081102351372,0.3333333333333333,0.6666666666666666,0.0,0.4758071005344391,0.0,
0.3252767925009583,0.031984498940147245,0.322997203989822,0.3957937231277562,0.4097305721616844,0.40934453259762776,0.41928188464627664,0.374797863916634,0.3445562906208903,0.31048217242163856,0.35412895841102876,0.3429077465882314,0.2800637263518113,0.5086633663366337,0.8990271748747983,2.420335429769392,1.296875,0.0,0.0,0.0,0.20913845300674438,0.6207825659025542,0.054222583264266905,0.9866597497904742,0.97331950736784,0.6666666666666666,0.3333333333333333,0.022929423100065568,0.03351960575031204,0.6849979798603879,0.1320754716981132,0.8679245283018868,0.0,0.33774852752685547,0.0,
0.3795295691206342,0.0447592759550964,0.19786260631043298,0.3266389212201782,0.3336463366906434,0.3225399330485309,0.33828553217193014,0.3239693780160329,0.34912956662881706,0.3390436832955089,0.2760165420565992,0.28189734721054777,0.20770037403473487,0.38810483870967744,0.862823513599006,2.549469964664311,1.1571428571428573,0.0,1.0,0.0,0.21031594276428223,0.6583361196527555,0.03931085539211782,0.991712210783318,0.9834244181124021,0.8208955223880597,0.1791044776119403,0.004672975328422964,0.1668617326666729,0.7159665278794897,0.3181818181818182,0.6818181818181818,0.015151515151515152,0.3858731687068939,0.04169590165186812,
0.3509669474193028,0.03236271794177212,0.21940486965533915,0.32818608670843047,0.31986257637383103,0.35784617069868807,0.3779809455818038,0.3557051416396176,0.3044121267201354,0.34740902875764085,0.36448778228453893,0.30544597335412127,0.2333649442746089,0.4766248574686431,0.8906478572690112,2.3088803088803087,1.4166666666666667,0.0,0.0,0.0,0.20276720821857452,0.6143633240754768,0.06524145366838137,0.978186491182295,0.9563729763859725,0.7288135593220338,0.2711864406779661,-0.0005498284137310299,0.191185716219556,0.6928900090899973,0.41379310344827586,0.5862068965517241,0.017241379310344827,0.38588660955429077,0.04590303883289862,
0.3346964120864868,0.03336267089127501,0.45474380405833387,0.320544098082448,0.36702208973138895,0.3499043964274463,0.34054979735323776,0.3436774427161507,0.34268167600790583,0.3510922567002719,0.29730600531706275,0.3478336761743762,0.24849472504395706,0.46352941176470586,0.8860106006151726,2.1767028627838103,1.3548387096774193,0.0,0.0,0.0,0.20613552629947662,0.6297148173336874,0.04017268632690002,0.9924716238389936,0.9849432488942208,0.5789473684210527,0.42105263157894735,-0.003001640870613773,0.16579224602724002,0.6887758165114973,0.32142857142857145,0.6785714285714286,0.017857142857142856,0.4894973337650299,-0.0006088825896057581,
0.3062451660633087,0.03017612869586554,0.2904631874355146,0.37934186613437626,0.38018142398024946,0.38326694007193307,0.38992638021547005,0.376458001677587,0.36255541455237544,0.28447916021014935,0.3415791207008361,0.3457933843592182,0.25349383996083186,0.5345679012345679,0.9064815115911612,2.0727272727272728,1.2352941176470589,0.0,0.0,0.0,0.20636458694934845,0.6671721179955429,0.0485238210866745,0.9835852774706754,0.9671705599831926,0.6727272727272727,0.32727272727272727,0.014435777827263263,0.12511153906215153,0.7041769854836528,0.3148148148148148,0.6851851851851852,0.0,0.368164986371994,0.07072003911258473,
0.282213279683339,0.03680555555555555,0.27717364398524086,0.3640262344119918,0.3605737694240195,0.4196065014788982,0.4265654552380934,0.3995282122539598,0.402468419225375,0.3424544096712617,0.38364345362359864,0.34516510956667196,0.2429943437759693,0.6506550218340611,0.9209058363074775,1.8763250883392226,1.1764705882352942,0.0,0.0,0.0,0.20289742946624756,0.6017554760955859,0.04566743696750093,0.9909194707870483,0.9818389387437492,0.625,0.375,0.0353713271017067,0.08493903816446774,0.6253997380129338,0.13333333333333333,0.8666666666666667,0.0,0.36103639006614685,0.0,
0.357312998175621,0.05835511982570806,0.543706241823966,0.39555014881037176,0.3848380240860479,0.3362008309883585,0.3497687075102743,0.33819976827522763,0.3527030208705653,0.3427213572879873,0.3318011013157681,0.303191348050449,0.23500828467882595,0.6203007518796992,0.9144710037454437,2.0773993808049536,1.3333333333333333,0.0,0.0,0.0,0.19995734095573425,0.6113099591276304,0.0345510921705272,0.9935862289534675,0.9871724594462042,0.4444444444444444,0.5555555555555556,0.058174181223833284,0.2882322890773988,0.637392306168796,0.47058823529411764,0.5294117647058824,0.0,0.24596597254276276,0.0,
0.3098416764289141,0.039518633540372675,0.5161598443282602,0.2975815342759829,0.35955588403346317,0.3282709262479414,0.33295676018951664,0.4091673083575185,0.43767786937363223,0.3908544845140766,0.3796702753666132,0.4019275394761769,0.23455605736145607,0.565359477124183,0.9003607883352572,2.0840336134453783,1.2105263157894737,0.0,0.0,0.0,0.19646582007408142,0.7431569780280378,0.0656934971368417,0.9836202945028033,0.9672405896320319,0.6666666666666666,0.3333333333333333,0.0024700230498776402,0.0009842389696962423,0.6217606640427383,0.1,0.9,0.0,0.32210713624954224,0.0,
0.3549902058309979,0.011596331908831909,0.1411105297641837,0.33827741324370475,0.3073521099295492,0.28395618281255786,0.333794909546555,0.2820419050276611,0.3409909492649946,0.31464733732759675,0.3372163297832738,0.28097049335265967,0.23996169383709248,0.5947955390334573,0.9071377361373401,2.0338461538461536,1.2857142857142858,0.0,0.0,0.0,0.18776628375053406,0.7378202343558029,0.05393507226474445,0.988425052828259,0.9768500863412757,0.3888888888888889,0.6111111111111112,0.07835449080057694,0.08960727388487975,0.627130734308277,0.17647058823529413,0.8235294117647058,0.0,0.3181246221065521,0.0,
0.265063409200486,0.020356029307435956,0.310805684687522,0.38568367793219616,0.3213514922493588,0.3933216080969459,0.37229915358852084,0.35916636816726294,0.3099431420754523,0.3389673096957775,0.3733736858439011,0.3665385008481406,0.2806170023404635,0.6514084507042254,0.9241245587230008,2.152046783625731,1.0869565217391304,0.0,0.0,0.0,0.2069486677646637,0.7196051511728851,0.041743138888079484,0.9911354403746756,0.9822708619360224,0.2631578947368421,0.7368421052631579,-0.0648596872106876,0.19074007855536565,0.6485467738186228,0.3333333333333333,0.6666666666666666,0.0,0.42613938450813293,0.0,0.0
0.32359176000855006,0.08739682539682538,0.24650251948384705,0.2921624509450238,0.33288596382522967,0.3331271483738782,0.30203309925555166,0.33168959761969813,0.32525723967744496,0.3631352010151362,0.2649744435316003,0.3547534205359602,0.2842518586378831,0.4101123595505618,0.8642945286024962,1.931477516059957,1.2380952380952381,1.0,0.0,0.0,0.21858803927898407,0.6703154932900636,0.059281801395170676,0.9812324813434056,0.9624649620916675,0.5918367346938775,0.40816326530612246,0.017574408265105902,0.09563164027111407,0.7061936320536893,0.375,0.625,0.0,0.2962902784347534,0.13065399554023172,
0.20244421064853668,0.0,0.08318681271107665,0.2210518324910749,0.2838780495996847,0.3497162628558201,0.3201572484230255,0.37877756308848093,0.3302020861324846,0.40318476803372144,0.30851067074491484,0.34853811165026816,0.35066182338274443,0.7790697674418605,0.9439525792987622,2.0594059405940595,1.2,0.0,0.0,0.0,0.20164884626865387,0.7320231069197047,0.03356073061036916,0.9944897592067719,0.9889795141449819,0.5,0.5,-0.26594826253907144,0.0016444367062919464,0.693296686062075,0.2,0.8,0.0,0.3717169761657715,0.0,
0.39350235485471785,0.04769085081585082,0.1993170569581548,0.32320294404960404,0.34683061749206384,0.35429510692495814,0.3552498453924332,0.3576559124892548,0.3133302532541375,0.32751992856189,0.33189364752096295,0.2982645600740357,0.28914696207413304,0.423728813559322,0.8654161242089936,2.28099173553719,1.35,0.0,0.0,0.0,0.20844623446464539,0.7391606530886098,0.05538532830579662,0.9864485538922824,0.9728971059443071,0.38461538461538464,0.6153846153846154,0.014785757707133829,0.09024028872680073,0.6544176008200386,0.21052631578947367,0.7894736842105263,0.0,0.333221971988678,0.4550076577898477,
0.2567835946021409,0.09055311355311353,0.1532473087010303,0.27605997527318227,0.29969802587773575,0.3115706125277536,0.27875426300647843,0.3486808381168823,0.2871623955096433,0.34961579229838385,0.2666756949038621,0.3163468228870146,0.2317839393248925,0.4911660777385159,0.8740625893037183,1.9298245614035088,1.4444444444444444,1.0,0.0,0.0,0.2039976865053177,0.4864034868003588,0.04606341444345465,0.9910853832960129,0.982170769496588,0.5,0.5,-0.047351408160293526,0.030730062826478055,0.6078374049268156,0.15789473684210525,0.8421052631578947,0.0,0.4711396396160126,0.0,
0.29833584030469257,0.0925925925925926,0.022899741638798838,0.33125749729547455,0.39438489945175687,0.3439536370745239,0.3232794909051224,0.4194899869506941,0.4056752531016029,0.3575233722262776,0.35566216595041156,0.32564980003364646,0.370069770858838,0.7627118644067796,0.9335689842553747,1.8243243243243243,1.1428571428571428,0.0,0.0,0.0,0.2089117169380188,0.6523916032515917,0.018677176633897064,0.9972367286682129,0.9944734740856802,0.5,0.5,-0.6640566109175172,0.0015820361997361929,0.5248827113456651,0.6666666666666666,0.3333333333333333,0.0,0.09564625471830368,0.0,
0.3161729151755571,0.06372238872238871,0.39847432305234837,0.3040728807358814,0.37933314095732557,0.3116248550406828,0.36060079539468326,0.3552602817804262,0.3357860069096488,0.3463648231590679,0.3573911135899795,0.3586747305573559,0.35181274689160863,0.4666666666666667,0.872255898929023,2.2641921397379914,1.5909090909090908,0.0,0.0,0.0,0.20583225786685944,0.5822296734060275,0.026040444210438215,0.9949897969210589,0.9899795909015531,0.9259259259259259,0.07407407407407407,0.0049485611108442025,0.1221735319113376,0.6670770457617133,0.2692307692307692,0.7307692307692307,0.0,0.41950538754463196,0.0,
0.2854164170101285,0.09450669156551508,0.1495934959639194,0.3063385263528777,0.2899419839451477,0.29508080060727626,0.3569949735724963,0.30892358875230214,0.33898116139472556,0.3607939630438094,0.41706404410525716,0.3826410512213716,0.3337355714577895,0.5243445692883895,0.8844500620497179,2.05111821086262,1.1904761904761905,0.0,0.0,0.0,0.21956531703472137,0.5643008270862936,0.03220201346080566,0.9943437231214423,0.9886874531665327,0.9473684210526315,0.05263157894736842,-0.01860001935477875,0.160900343417427,0.6466607766439056,0.2777777777777778,0.7222222222222222,0.05555555555555555,0.2520081400871277,0.0,
0.31621993013212213,0.020546731278323686,0.18437215537266993,0.3020699374787327,0.2940400900212577,0.323822893426253,0.2981502057917293,0.2809892629014775,0.334368702982695,0.298491502598634,0.3042069732660037,0.2961691081701431,0.3818957603894747,0.46035805626598464,0.8700303706792669,2.1019108280254777,1.2820512820512822,0.0,0.0,0.0,0.21542014181613922,0.7272942945846207,0.055945286417274705,0.9776954650878906,0.9553909379109327,0.8888888888888888,0.1111111111111111,0.013069274804781726,0.2542371847665978,0.6695164557078714,0.5769230769230769,0.4230769230769231,0.0,0.44777628779411316,0.0,
0.19707504093336561,0.02303030303030303,0.3016946869658262,0.3080877388137756,0.32945571663065,0.3201042067116013,0.35618629890910086,0.2862027329420122,0.31420431821146044,0.2748443861615868,0.29621852482243294,0.31483142357704963,0.22761867459003743,0.46464646464646464,0.8653820666374599,2.046448087431694,1.3333333333333333,0.0,0.0,0.0,0.20611605048179626,0.6022052549094707,0.028000167983742677,0.9954221475692022,0.9908442921171497,0.8571428571428571,0.14285714285714285,0.006653974426444593,0.12696946900658293,0.648363170860216,0.3,0.7,0.0,0.3147770166397095,1.1102230246251565e-16,
0.3030200958251953,0.018372803666921313,0.42201067038480755,0.3395098122986796,0.36000158915522845,0.3466920566581263,0.34900609245964076,0.3269450909985534,0.34341742041452517,0.3286335666950916,0.33224042688592037,0.3541946737524936,0.317001257951443,0.4865771812080537,0.8735566221984714,2.0986301369863014,1.3409090909090908,0.0,0.0,0.0,0.20463301241397858,0.6639732463440522,0.025234756806182996,0.9960124237196786,0.9920248634104306,0.8571428571428571,0.14285714285714285,-0.013787212867319761,0.1703786058606639,0.6390136609636862,0.4,0.6,0.0,0.5728361010551453,0.0,
0.2934490992101254,0.1428320362587604,0.19628572190763185,0.32578452716587286,0.374242971916032,0.36126553520385374,0.35020583619920415,0.33264894630692293,0.38663200837029116,0.3470744246236747,0.3418409294057985,0.3502299256619982,0.45028194785118103,0.43014705882352944,0.8741682588765417,2.0836047774158524,1.4567901234567902,0.0,0.0,0.0,0.21726390719413757,0.6275542977338828,0.046331424601593216,0.9893129423812583,0.978625884422972,0.48148148148148145,0.5185185185185185,-0.002487450954455442,0.0585160101994752,0.6664813424278287,0.22641509433962265,0.7735849056603774,0.0,0.24670341610908508,0.0,
0.2705577323407245,0.047878189054659646,0.16362710193495184,0.4033986550950951,0.3883571890299103,0.39560949090691044,0.3830899211509256,0.3781726270239408,0.3866880642956271,0.40759189656907535,0.3618352775210709,0.3493175072610165,0.586248022547135,0.4873096446700508,0.8957068168209726,2.034874290348743,1.2027027027027026,0.0,1.0,0.0,0.21222880482673645,0.7518700940724657,0.0365693410186482,0.9928798558134021,0.9857597231854346,0.3181818181818182,0.6818181818181818,0.003486904674024687,0.14372874486374496,0.6937774955126831,0.38461538461538464,0.6153846153846154,0.015384615384615385,0.30507248640060425,0.07516796660739214,
0.18883298357832246,0.06544420841806463,0.16817012239430643,0.28064764845562895,0.3389125852376111,0.34783024061544787,0.35132054782688277,0.3710114202687478,0.37675676677543063,0.3586140838498427,0.3404952742965993,0.37523822068104595,0.3804508553101466,0.45054945054945056,0.8811452823419906,2.0102880658436213,1.3384615384615384,0.0,0.0,0.0,0.219434916973114,0.8525438845056675,0.03275142152804209,0.9932601220077939,0.9865202468321917,0.25925925925925924,0.7407407407407407,-0.006473746766664972,0.262381769508558,0.7248387255373634,0.5283018867924528,0.4716981132075472,0.05660377358490566,0.21337568759918213,0.0,
0.2834819996457421,0.05364985338227266,0.16709125554738838,0.3028260454820162,0.35492913672634935,0.36147784905858216,0.3863363144436752,0.3685083755931857,0.39663435513782136,0.34926363881400735,0.38027161975594226,0.3933881919259724,0.533645078769097,0.4894336432797971,0.8990212426394374,2.230549607423269,1.2857142857142858,1.0,1.0,1.0,0.2078607678413391,0.7962065906592205,0.053250021090659884,0.9862653627991677,0.9725307314787642,0.5,0.5,-0.0025453501482236734,0.1344648334005396,0.6989943466660611,0.2911392405063291,0.7088607594936709,0.012658227848101266,0.2708476781845093,0.21072851023250277,
0.30109021376888706,0.08750764102876779,0.5937339138448605,0.39753847115047647,0.38825777985657334,0.36447478100679176,0.35834837623486093,0.3793152395012316,0.39000992492563685,0.3953384693022474,0.30841849992799225,0.3559362773353524,0.5975898330028241,0.4985754985754986,0.8938041925914555,1.9792176039119804,1.360655737704918,0.0,0.0,0.0,0.21026228368282318,0.7633882936625086,0.02427535640365925,0.9960139824988994,0.9920279743692323,0.2553191489361702,0.7446808510638298,0.01562891586107596,0.11433451113059262,0.6744316159757577,0.2826086956521739,0.717391304347826,0.021739130434782608,0.3252566456794739,0.008653834874124383,
0.4226921925114261,0.07972097347097347,0.1271997806447703,0.32351193017282165,0.33935788209250045,0.32719369586973196,0.34140490618193725,0.2736562915119836,0.3254328998741945,0.3353115412779486,0.3284002431752324,0.3647196418363628,0.20529012725903437,0.5180327868852459,0.885020822419137,2.02088772845953,1.2,0.0,0.0,0.0,0.20295409858226776,0.4947763456089949,0.04610407379133652,0.9904221693674723,0.9808443400570901,0.7142857142857143,0.2857142857142857,-0.010583893487356574,0.20332908443039505,0.6481721549471573,0.45,0.55,0.0,0.190196231007576,0.0,
0.36669271166125933,0.03152337858220212,0.33166376747696197,0.330537621260368,0.3433257994040722,0.34395837669703866,0.2343229844666252,0.3616732793198018,0.2750584786217421,0.33691834713348134,0.3375634723199751,0.3124653244342102,0.22664141654968262,0.5511811023622047,0.8924226323201596,2.19,1.3478260869565217,0.0,0.0,0.0,0.20036748051643372,0.5831758891167045,0.07599893480947642,0.9664641303174636,0.9329282563481042,0.8235294117647058,0.17647058823529413,0.0018733839983941193,0.29083015189146133,0.6228362069420056,0.5625,0.4375,0.0,0.3662804067134857,0.0,
0.371755207888782,0.03601398601398601,0.15510101295639378,0.32937361482945604,0.31412944188000097,0.3004023320585763,0.3368774456743564,0.3364941474610262,0.30026872128780974,0.344278173262368,0.34331454630128444,0.38606547008442704,0.25130689694331243,0.5333333333333333,0.8887908248251617,2.0695652173913044,1.2727272727272727,0.0,0.0,0.0,0.20589683949947357,0.5505557839288688,0.025270602737795134,0.9959995001554489,0.9919989905785769,0.85,0.15,-0.009876911580469026,0.07850159345006517,0.6178873674398949,0.21052631578947367,0.7894736842105263,0.0,0.30814510583877563,1.1102230246251565e-16,
0.3504361425127302,0.04264069264069264,0.33152304224876183,0.3111211323476213,0.34328402871959235,0.3632990173655758,0.3411176387464844,0.3170650583251712,0.3251010277926359,0.3398738251704674,0.34298383522043746,0.3038648079657177,0.22835617386377774,0.5825242718446602,0.8985741393215783,2.2357723577235773,1.25,0.0,0.0,0.0,0.2038503885269165,0.6213189380194084,0.048668268796990356,0.9912768644945962,0.9825537205657123,0.6428571428571429,0.35714285714285715,-0.04671277779592455,0.19610609004354085,0.6002954921922319,0.38461538461538464,0.6153846153846154,0.0,0.28531333804130554,0.0,
0.4238238374312078,0.05973938915115386,0.1679456096045535,0.29886058771219287,0.2802242643733876,0.3202350822681848,0.30083211166198315,0.28359463653752476,0.3485423610679835,0.2943859059710051,0.3164746652191155,0.32342610449082176,0.2138983313853924,0.4613686534216336,0.8735167564033632,2.031954887218045,1.3617021276595744,0.0,0.0,0.0,0.1962786316871643,0.5992960453192816,0.03458445581230677,0.9940592819644559,0.9881185639852418,0.7741935483870968,0.22580645161290322,-0.006630427489089306,0.14559598741054436,0.6629315089530572,0.3,0.7,0.0,0.4923771917819977,0.0,
0.3880684822797775,0.019916408377946844,0.39694834584840605,0.38992761802822307,0.42295397232128784,0.4064109699523508,0.3633940739073233,0.38259795290607057,0.3650956546233175,0.38690421592635077,0.3514352170518022,0.33897690603515,0.20119236203340385,0.5970636215334421,0.9196475102798718,2.202247191011236,1.5,0.0,0.0,0.0,0.21074505150318146,0.5771736275844437,0.0267764089491381,0.9954468331685881,0.9908936722644196,0.8048780487804879,0.1951219512195122,0.0052928017677845215,0.11038801262855816,0.6852171475606277,0.275,0.725,0.0,0.3297790586948395,1.1102230246251565e-16,
0.29783977288752794,0.016723512178057634,0.10476648791247556,0.4030926657278614,0.3874378934590644,0.37019065910042176,0.36551931663063497,0.3396843855581448,0.3131882071689192,0.2929973532789185,0.3407597467698275,0.4101706297773591,0.2908630554492657,0.735897435897436,0.9485992321722355,2.2477477477477477,1.2758620689655173,0.0,0.0,0.0,0.21612544357776642,0.7864565708102988,0.05630592150622392,0.9873336255550385,0.9746672452915496,0.5384615384615384,0.46153846153846156,-0.016481261857999564,0.17715395640982054,0.624188093735955,0.32,0.68,0.0,0.2219078689813614,0.0,
0.35121577642858026,0.035582848524025,0.27213747930661447,0.35761991510170815,0.4020150326076319,0.4121825763275712,0.3851868681645173,0.3773150171924273,0.32535315403355275,0.3427192297783291,0.3477685349612853,0.34331205236236995,0.22625024226995616,0.569078947368421,0.9120560488147665,2.171145685997171,1.3934426229508197,0.0,0.0,0.0,0.2112201601266861,0.6346013537994438,0.03177443695586293,0.9941311754831453,0.9882623503274262,0.8048780487804879,0.1951219512195122,0.016721932455493888,0.2175488013378872,0.6982463251668807,0.475,0.525,0.0,0.41684195399284363,0.10849167898456633,
0.28607416413724424,0.024553571428571428,0.4434151040733959,0.3385153984340173,0.388398294441942,0.27256964272858825,0.3429351755757676,0.3656279077441604,0.3098661153917052,0.37897629274852296,0.2986386469450859,0.3729315349174541,0.19273775678414565,0.5927051671732523,0.9097562145352063,2.164102564102564,1.2272727272727273,0.0,0.0,0.0,0.20897111296653748,0.6958401490569992,0.029834111956663432,0.994961982423609,0.9899239715781402,0.9545454545454546,0.045454545454545456,-0.010038609254170437,0.1862794439762558,0.6663096824291385,0.3333333333333333,0.6666666666666666,0.0,0.44015827775001526,0.0,
0.2629554734418267,0.04333333333333333,0.5299334811823655,0.4102926281366356,0.37608373620355523,0.3778386596125818,0.2783567336751952,0.33775960057499016,0.35393268687479107,0.3523888474818222,0.3538611611427754,0.3261335144402881,0.2098917672267327,0.6643356643356644,0.9276930108213708,2.0117302052785924,1.32,0.0,0.0,0.0,0.2051026076078415,0.6888642324411609,0.03194869062354383,0.9942719489336014,0.9885439014527947,0.85,0.15,-0.06230080497137478,0.16130087837452242,0.6396219975151125,0.3157894736842105,0.6842105263157895,0.0,0.31274381279945374,0.06873585308515145,
0.3559815452567169,0.04501378676470588,0.3760557561877048,0.2947705680008314,0.32147824241299156,0.2903538724654854,0.2872337408441642,0.26821659619534155,0.30559431379947866,0.2937269066099405,0.31297460796240845,0.2864871572118671,0.31012934629733746,0.495114006514658,0.8772505822182735,2.1977401129943503,1.3333333333333333,0.0,0.0,0.0,0.20371079444885254,0.5285855371178002,0.05067241168662021,0.9894390446799142,0.978878083006878,0.7619047619047619,0.23809523809523808,0.030953761442681537,0.17122723531899234,0.6370527685826581,0.45,0.55,0.0,0.33693960309028625,0.0,
0.3146184723410341,0.06759199134199134,0.21549867744028403,0.2925885041096983,0.32780813065060693,0.326824894855398,0.3514302194143101,0.30906110359609335,0.26614525675655315,0.273988846646082,0.28328135563864765,0.2815896640024854,0.24034730516947234,0.4594594594594595,0.8755667761162438,1.8619582664526484,1.3333333333333333,0.0,0.0,0.0,0.2064952254295349,0.5278195310235387,0.04356741954002227,0.9912633487156459,0.9825266990694217,0.7428571428571429,0.2571428571428571,0.006770601774136679,0.2233842815412941,0.6797694898948464,0.47058823529411764,0.5294117647058824,0.0,0.31599169969558716,0.15989933421093097,
0.3692905685076347,0.026363342539813126,0.4037433934351026,0.3168494675781246,0.3399203297736089,0.3668124392912828,0.3416702801533435,0.33957327772447227,0.3329910232222009,0.2912360146063713,0.2815724820619867,0.33823085454692703,0.29870692583230823,0.5393700787401575,0.8885107325256684,2.121107266435986,1.3571428571428572,0.0,0.0,0.0,0.21236652135849,0.7261811211815833,0.01952995568357652,0.9970579778446871,0.9941159524365931,0.9411764705882353,0.058823529411764705,0.016767683476514545,0.18219793180998814,0.653092512994565,0.375,0.625,0.0,0.6177431344985962,0.0,
0.21382447141222655,0.013888888888888888,0.1820771596174904,0.351825441976765,0.3561794257928271,0.4004372379960683,0.3120697043374721,0.40507919856422964,0.4458659385900271,0.3933051536388924,0.36294803019783717,0.37550337320025606,0.24648550336177533,0.5495867768595041,0.8909463674396503,1.9895470383275262,1.3846153846153846,0.0,0.0,0.0,0.20874130725860596,0.46709928310256704,0.0336409610079251,0.9941285182447994,0.9882570257177576,0.8823529411764706,0.11764705882352941,0.001009880792393947,0.1272186486520488,0.6166737191010607,0.25,0.75,0.0,0.36028197407722473,0.0,
0.6304893898112434,0.1251785358282069,0.15379023901586242,0.3356609672289279,0.33418337606350573,0.3033238981890295,0.3309300101660641,0.27431459693113663,0.2975915798498011,0.2832838554427002,0.27664491532546415,0.3563761246141833,0.27272119567944453,0.4892703862660944,0.868861683647892,1.891089108910891,1.3,0.0,0.0,0.0,0.20041140913963318,0.5757704547023801,0.02545676102538792,0.9958503507077694,0.9917006858158857,1.0,0.0,0.00024557910150002583,0.1537009703188917,0.6509865189747269,0.4,0.6,0.0,1.0,0.0,
0.29076756278593696,0.08608278044419349,0.19903878789817156,0.24930123455481265,0.295153349771708,0.25613725928186043,0.3431080100143666,0.2865700492856978,0.35698103159012357,0.33210892873779374,0.3889121672612959,0.36272661817625973,0.20078480335382315,0.4296482412060301,0.8588832837821042,1.9894736842105263,1.25,0.0,0.0,0.0,0.202527716755867,0.7121488945542033,0.03210400319895413,0.9944575939859662,0.988915178762649,0.6785714285714286,0.32142857142857145,-0.026477445399672582,0.1849750058194894,0.6523050798678927,0.37037037037037035,0.6296296296296297,0.0,0.5418699383735657,0.0,
0.29193364392066823,0.030815018315018313,0.1447041640331827,0.3067618372756374,0.32497504146278694,0.3261957412837834,0.33229410829296446,0.3235828021544074,0.2979638259372682,0.34059618530191177,0.3035266173200182,0.2959944227462946,0.24752190434015714,0.47086247086247085,0.8757412233394186,2.1904761904761907,1.4054054054054055,0.0,0.0,0.0,0.20435351133346558,0.6359519249624317,0.05565355114265714,0.9845061858495077,0.9690123707482902,0.8666666666666667,0.13333333333333333,-0.0015367871348477798,0.18441374610366876,0.6681090185507311,0.4482758620689655,0.5517241379310345,0.0,0.29238682985305786,0.0,
0.2902990432520365,0.022183600713012477,0.21784979063487175,0.321609879316029,0.2981078330034058,0.3467909725737825,0.36258999082655213,0.31239175011714687,0.29903187880572213,0.27815733168325285,0.30463803305019715,0.322779457161484,0.2113741255723513,0.47639484978540775,0.8793154542507752,2.0162454873646207,1.2666666666666666,0.0,0.0,0.0,0.21180954575538635,0.5123916811982219,0.04874006954502682,0.9899784792214632,0.9799569635870284,0.75,0.25,0.01973365674580595,0.11678715725991586,0.6606145227822102,0.1935483870967742,0.8064516129032258,0.0,0.2702760100364685,1.1102230246251565e-16,
0.3572016650189956,0.03511303511303511,0.3363729064404474,0.335828437143605,0.3476534016054167,0.3522617640133816,0.34776297463227956,0.2950047153333542,0.3188011588154846,0.2657531051845097,0.332707759910367,0.3126563455711995,0.24065883297186633,0.453125,0.8703334866167032,2.1755725190839694,1.2666666666666666,0.0,0.0,0.0,0.2039571851491928,0.6233006084174272,0.032545120900538994,0.9942669530709585,0.9885339068675724,0.8,0.2,0.014381743502349716,0.1841686372162447,0.6755561218195474,0.3448275862068966,0.6551724137931034,0.0,0.30007126927375793,0.0,
0.3287703866195498,0.03939984409909222,0.403768123196007,0.32641316406665744,0.34345025217641495,0.3319997160195743,0.29061464238525714,0.32673126762436744,0.29809450008955396,0.32255954559220545,0.2883386097344409,0.3190096816795312,0.2145900941812075,0.452431289640592,0.8712279444556097,2.1379310344827585,1.2439024390243902,0.0,0.0,0.0,0.20483991503715515,0.5946875378366039,0.039638544109612706,0.991552697494626,0.9831053963280283,0.875,0.125,0.0013065036688663459,0.22152926190896813,0.6714488500063516,0.45161290322580644,0.5483870967741935,0.0,0.2871852219104767,0.0,
