coherence_analysis.local_coherence_embeddings,coherence_analysis.entity_coherence,coherence_analysis.overall_coherence,coherence_analysis.coherence_values.2,coherence_analysis.coherence_values.3,coherence_analysis.coherence_values.4,coherence_analysis.coherence_values.5,coherence_analysis.coherence_values.6,coherence_analysis.coherence_values.7,coherence_analysis.coherence_values.8,coherence_analysis.coherence_values.9,coherence_analysis.coherence_values.10,originality_analysis.semantic_distance,stylistic_analysis.linguistic_metrics.lexical_diversity.TTR,stylistic_analysis.linguistic_metrics.lexical_diversity.log_TTR,stylistic_analysis.semantic_density.cosine_similarity,stylistic_analysis.sentence_rhythm.coefficient_of_variation,sentiment_analysis.average_entropy,sentiment_analysis.average_max_confidence,sentiment_analysis.average_valence_intensity,sentiment_analysis.emotional_richness,sentiment_analysis.temporal_dynamics,sentiment_analysis.emotional_complexity,sentiment_analysis.emotional_oscillation,thematic_analysis.graph_modularity,stylistic_analysis.rhetorical_devices.counts.similes,stylistic_analysis.rhetorical_devices.counts.personification,stylistic_analysis.rhetorical_devices.counts.oxymoron,stylistic_analysis.rhetorical_devices.counts.synesthesia,stylistic_analysis.rhetorical_devices.counts.anaphora,stylistic_analysis.rhetorical_devices.counts.onomatopoeia,stylistic_analysis.rhetorical_devices.counts.paradox,stylistic_analysis.rhetorical_devices.counts.rhetorical_questions,stylistic_analysis.rhetorical_devices.counts.euphony,stylistic_analysis.rhetorical_devices.counts.sarcasm,stylistic_analysis.rhetorical_devices.counts.epiphora,stylistic_analysis.rhetorical_devices.counts.paronomasia
0.14683478152645485,0.18181818181818182,0.06654012170646938,0.4676540978161662,0.4640269451484382,0.39167967530698156,0.4839239982697216,0.45627712288013517,0.27499392125088057,0.42865298174588834,0.4558787366404106,0.3843875116537441,0.7725124458471934,0.813953488372093,0.9452695820822632,0.22801733016967773,0.4876598490941707,0.030600702281757118,0.9948917031288147,0.989783395343693,0.14285714285714285,4.629338147182096e-05,0.43370532076169177,0.0,0.0,,,,,,,,,,,,
0.23750492185354233,0.19050802139037434,0.06863096302877542,0.37763164296495144,0.3434451887914998,0.31481274937283116,0.3848604437758824,0.3714538831797187,0.41660998098654733,0.382988344297047,0.37207522291222306,0.31591789245578006,0.7755098990164697,0.6631578947368421,0.9098038495580311,0.2189558744430542,0.32768528791843626,0.0447247176733959,0.9919587544032505,0.9839174933232633,0.2857142857142857,0.1681976366258649,0.48707645390981485,0.0,0.0,0.0,0.0,0.0,0.0,0.0,0.0,0.0,0.0,0.0,0.0,0.0,0.0
0.30735109994808835,0.12713675213675213,0.2969460978652318,0.42203907880358876,0.4652863426650842,0.4150532314492275,0.41578673081704365,0.3928985397224884,0.4105290902315456,0.43636235913722465,0.3890090947796105,0.38904617752060233,0.6752739469210307,0.7580645161290323,0.9328864152476569,0.1947009116411209,0.27365334422994125,0.0649243693236435,0.9849507808685303,0.9699015449732542,0.14285714285714285,1.7440539414004874e-06,0.41834459311005545,0.0,0.0,,,,,,,,,,,,
0.3718053861097856,0.11165750915750916,0.5103631522360209,0.4293137408157738,0.40312613587827534,0.37394748716187864,0.2966772272530981,0.305127685618578,0.2859540595184475,0.36543243648096907,0.37537219469665944,0.33466327255721,0.725033868631969,0.6376146788990825,0.9164227797758825,0.22132530808448792,0.5088774038755811,0.027492747469471328,0.9955347259839376,0.9910694499189655,0.7142857142857143,0.219294508482714,0.6231576855259238,0.0,0.0,0.0,0.0,0.0,0.0,0.0,0.0,1.0,0.0,0.0,0.0,0.0,0.0
0.2381223775446415,0.057692307692307696,0.02052998761030676,0.3887484827452078,0.31548021262949066,0.2787908486117353,0.329808238222203,0.390243991766926,0.407284564550013,0.36975330894892433,0.39681518211229305,0.37507002304573706,0.6698636577154199,0.8421052631578947,0.9574949102689213,0.21703317761421204,0.3300499162312833,0.028846146683723657,0.995278537273407,0.9905570733244531,0.2857142857142857,0.16980696434108755,0.5052502384433762,0.0,0.0,0.0,0.0,0.0,0.0,0.0,0.0,0.0,0.0,0.0,0.0,0.0,0.0
0.21158104576170444,0.11538461538461539,0.3829752067323254,0.37358493481649346,0.27230588442737297,0.3480217689687881,0.3205378862345419,0.34167318503351635,0.3571926089953476,0.29594435121353735,0.3176726401615541,0.30346598540654457,0.8403875417696933,0.8333333333333334,0.9512205263134811,0.1869717836380005,0.565685424949238,0.02064577082066121,0.9968193570772806,0.9936387094009357,0.42857142857142855,0.5052144727489382,0.5299953386853983,0.0,0.0,0.0,0.0,0.0,0.0,0.0,0.0,0.0,0.0,0.0,0.0,0.0,0.0
0.19263900984078647,0.0,0.1965671334161115,0.34453978500468835,0.35577859858551886,0.4232223108956355,0.44310484741503614,0.41538551962146575,0.3935206708703238,0.3809859314563905,0.43028198238136284,0.44161153493793004,0.6834899021933476,0.7264150943396226,0.9314596661802781,0.2042914628982544,0.28688765527462345,0.021188321254706443,0.9967449530959129,0.9934898901410634,0.14285714285714285,0.0006584075786532515,0.5147191450042015,0.0,1.1102230246251565e-16,0.0,0.0,0.0,0.0,0.0,0.0,0.0,0.0,0.0,0.0,0.0,0.0
0.07072436809539795,0.08695652173913043,0.45003688482452026,0.39085077805914115,0.368323214359451,0.3099743940606138,0.3649487474701142,0.38017827049822756,0.33738539009564084,0.31847479685679037,0.3532211241827547,0.3568770525088907,0.6034881719698508,0.6309523809523809,0.8960632077111801,0.19906271994113922,0.8915694197569511,0.032651802790962726,0.9941327770551046,0.988265583543883,0.2857142857142857,0.0008748458252735207,0.5308712044060293,0.0,0.0,0.0,0.0,0.0,0.0,0.0,0.0,0.0,0.0,0.0,0.0,0.0,0.0
0.3375093340873718,0.05,0.28900514797644594,0.27280027459252437,0.26166426281375904,0.3228635846108835,0.38676346438374265,0.4265797910138977,0.36717370208454675,0.41972976875312273,0.42582837563109277,0.40060994177191694,0.6747407509014011,0.7125,0.9226441564373198,0.22648946940898895,0.3577061450413986,0.04120711291322624,0.9926876127719879,0.9853752223231519,0.2857142857142857,0.20181248421388046,0.5678981615128754,0.0,0.0,0.0,0.0,0.0,0.0,0.0,0.0,0.0,0.0,0.0,0.0,0.0,0.0
0.31223162370068686,0.14935064935064934,0.12047927274672317,0.37080834445701943,0.3122512457148831,0.3742492840823667,0.36118164453492185,0.4087909806400894,0.29426532261459043,0.31141895675853315,0.3369663796038634,0.3171242633488483,0.6635986333712935,0.726027397260274,0.925376866513258,0.22197289764881134,0.1767766952966369,0.029113610775916295,0.9952764391899109,0.990552869415842,0.2857142857142857,0.0013596715893119933,0.5217355092498192,0.0,0.0,0.0,0.0,0.0,0.0,0.0,0.0,0.0,0.0,0.0,0.0,0.0,0.0
0.22424344470103583,0.10416666666666667,0.016468607469096747,0.3849952619409294,0.247437599648027,0.29315800243594825,0.38651039524128833,0.3856902925428367,0.3882048066957968,0.4021652614369541,0.4078021904624854,0.3934041125690523,0.7468431397341192,0.7636363636363637,0.932707475399638,0.21835368871688843,0.4187894642712676,0.10016890452900715,0.9720620065927505,0.9441239622537978,0.14285714285714285,1.802462269671768e-05,0.402091562051897,0.0,0.0,0.0,0.0,0.0,0.0,0.0,0.0,0.0,0.0,0.0,0.0,0.0,0.0
0.23232768289744854,0.1111111111111111,0.21346528748147486,0.4746228265519062,0.4510297364680513,0.4474266157251173,0.5576395235008385,0.44965401815731026,0.43547316415853665,0.40140749395942776,0.43126292010523054,0.4151407384177207,0.6507130797952414,0.8936170212765957,0.970786059376858,0.2357979267835617,0.656599153958937,0.020717443553953288,0.9968228340148926,0.9936456578725483,0.2857142857142857,0.0021432742817482737,0.5155865880583774,0.0,0.0,0.0,0.0,0.0,0.0,0.0,0.0,0.0,0.0,0.0,0.0,0.0,0.0
0.3436422007015118,0.0987754529421196,0.07695905173926529,0.31442413953176906,0.33441999268204753,0.3242550800049739,0.31599415163564815,0.317702379453658,0.3574356221829628,0.3419337539672529,0.39041041583430675,0.39217057113066583,0.6980418786096076,0.5824742268041238,0.8974022602675604,0.21341998875141144,0.32805680246138075,0.046435995441706,0.9899258888684787,0.9798517797697479,0.42857142857142855,0.08457501287076681,0.5788630298736783,0.0,0.0,0.0,0.0,0.0,0.0,0.0,0.0,0.0,0.0,0.0,0.0,0.0,0.0
0.2284720130264759,0.15625,0.3835467772226618,0.38329188571430767,0.31765831926135213,0.30508043998137546,0.20489062573533526,0.3170498263088395,0.32787146318271354,0.2836223700834959,0.3127223453840129,0.29091162348,0.6489960095534723,0.7954545454545454,0.9395269279378322,0.2296227514743805,0.3394112549695428,0.04779543714865106,0.9914721647898356,0.9829443561999748,0.2857142857142857,0.0008226544972463676,0.5175227961687583,0.0,0.0,0.0,0.0,0.0,0.0,0.0,0.0,0.0,0.0,0.0,0.0,0.0,0.0
0.2995452284812927,0.0,0.019317248037344952,0.37178469926571295,0.32985352373109517,0.40075528327255616,0.38878493952973026,0.3844251187416885,0.41293012239704485,0.348451931594152,0.39145284127448815,0.38647325648372427,0.6187398818011085,0.8032786885245902,0.9467136250587109,0.22358816862106323,0.11102697698927572,0.04252607492095337,0.9923770427703857,0.9847540878690779,0.14285714285714285,0.00027401786089720226,0.488732255709244,0.0,0.0,0.0,0.0,0.0,0.0,0.0,0.0,0.0,0.0,0.0,0.0,0.0,0.0
0.1763917338103056,0.1,0.05024649753760509,0.30885588917855444,0.3480695746578714,0.3255337562225397,0.31337822338095894,0.3444769539541724,0.31799101798506374,0.2467348790998346,0.2545621898983282,0.2994572698714284,0.6826090781949461,0.8292682926829268,0.9495872064079016,0.20797809958457947,0.31747651400212334,0.030225047726050527,0.9949477513631185,0.9898955141349385,0.2857142857142857,0.5047335129082904,0.4668313002315956,0.0,0.0,0.0,0.0,0.0,0.0,0.0,0.0,0.0,0.0,0.0,0.0,0.0,0.0
0.4853111108144124,0.22512175324675326,0.23329770959768192,0.36177676710202133,0.367077917665437,0.3322499822509853,0.2663261911471538,0.36913536802221153,0.41129461375039517,0.33177633272659734,0.3637970822411815,0.310228817780173,0.7478901309271654,0.6024096385542169,0.9008570396973916,0.20636823773384094,0.2928750795691365,0.03407702230698771,0.9943084879354998,0.9886169571810487,0.5714285714285714,0.11456799166333899,0.5582222097636748,0.0,0.0,0.0,0.0,0.0,0.0,0.0,0.0,0.0,0.0,0.0,0.0,0.0,0.0
0.20241796225309372,0.07692307692307693,0.4109235136432569,0.4806733883311632,0.45762905155124023,0.4338477988329442,0.37283079551432863,0.3477007235782439,0.3474190858760825,0.4736549081418323,0.3946115057438999,0.3909611634508517,0.5959272446731726,0.9117647058823529,0.9738049131714716,0.21062619984149933,0.07071067811865475,0.09284656306381632,0.9799667994181315,0.9599335681802282,0.14285714285714285,7.9404540511904e-06,0.3803926877345521,0.0,0.0,0.0,0.0,0.0,0.0,0.0,0.0,0.0,0.0,0.0,0.0,0.0,0.0
0.23260021954774857,0.0,0.3846183956262504,0.38223451503976336,0.3328465087625953,0.30400204393817265,0.3533222989480348,0.31360269990097817,0.3309613792184127,0.25278415525063214,0.27416630722206387,0.2889296293808988,0.6179827988768617,0.8604651162790697,0.9600440820943593,0.20992454886436462,0.0277296776935901,0.036797900170975506,0.9937342007954916,0.9874684020178393,0.14285714285714285,4.766095112380243e-05,0.4168140004772292,0.0,0.0,0.0,0.0,0.0,0.0,0.0,0.0,0.0,0.0,0.0,0.0,0.0,0.0
0.2976351814965407,0.08854166666666666,0.017594119428468818,0.37409738834779327,0.3433471753359565,0.41846535856558054,0.40931511449438956,0.2633586551997373,0.3869947787084373,0.4266246785105051,0.3064286400376785,0.28579021032755814,0.675156480857792,0.7931034482758621,0.9429122355725096,0.21504780650138855,0.32777738867854445,0.015476510638330382,0.9978165924549103,0.9956331948633306,0.42857142857142855,0.3370063440760835,0.5193696732424705,0.3333333333333333,0.0,0.0,0.0,0.0,0.0,0.0,0.0,0.0,0.0,0.0,0.0,0.0,0.0
0.25131569989025593,0.11363636363636365,0.04469664845748137,0.37223083638033105,0.5043629043082564,0.4894614570017127,0.5173023997158315,0.4465147429750908,0.40768835860756186,0.36935646518911247,0.39870325413623725,0.4073028940241296,0.674239249030749,0.8571428571428571,0.960391110580801,0.2271769493818283,0.2868876552746235,0.09283471458825851,0.9771281331777573,0.9542562590213493,0.5714285714285714,0.5089648539174518,0.5167582884367493,0.0,0.0,0.0,0.0,0.0,0.0,0.0,0.0,0.0,0.0,0.0,0.0,0.0,0.0
0.326908053830266,0.10416666666666667,0.018648512145555785,0.23988672848600787,0.3161413513365734,0.33857134538176326,0.2953782234296035,0.3063150323782073,0.32415333306422667,0.3634767577846395,0.2966405823193434,0.31309341912868094,0.6306585800368338,0.7285714285714285,0.9254631131063052,0.22235295176506042,0.12987435257662142,0.13477191696594978,0.9390446305274963,0.8780892740236595,0.42857142857142855,0.1702003649070588,0.5489709913187719,0.25,0.0,0.0,0.0,0.0,0.0,0.0,0.0,0.0,0.0,0.0,0.0,0.0,0.0
0.2990326564759016,0.15338827838827837,0.3323368432518655,0.36307240248616063,0.4769816414235295,0.3994499187623152,0.3926799897225607,0.3437651793748016,0.45810272976026606,0.40144234872324674,0.3772673189598091,0.31406003862970944,0.7189775455743075,0.7945205479452054,0.9463888579400239,0.2157447636127472,0.24168150803286662,0.02686247742895458,0.9955216407775879,0.9910432843491435,0.2857142857142857,0.12801197487872212,0.48391914197346203,0.0,0.0,0.0,0.0,0.0,0.0,0.0,0.0,0.0,0.0,0.0,0.0,0.0,0.0
0.20539671927690506,0.0,0.3829157504670077,0.41836952654259474,0.31347424004799224,0.2953052633196302,0.2680776940138388,0.33182648139308446,0.2617835590935163,0.2384197652450343,0.3379027371601705,0.33026406125754043,0.7154808337179323,0.7931034482758621,0.9429122355725096,0.21796295046806335,0.5987024406271169,0.02231592319356508,0.9965992122888565,0.993198414973449,0.14285714285714285,0.0002170350902617483,0.42832528213836185,0.0,0.0,,,,,,,,,,,,
0.28482137123743695,0.10416666666666666,0.21121689586509987,0.3410799995569169,0.30149898429466776,0.37248914531418925,0.3027198866411672,0.371286331928355,0.33840293530453286,0.3740350344294331,0.37019254473111846,0.3796642483159408,0.8273543658821533,0.632183908045977,0.8973165319934382,0.21573542058467865,0.39610604640676716,0.010993167506577478,0.9985294342041016,0.9970588499951797,0.14285714285714285,5.159627029179657e-06,0.44476448335795943,0.0,0.0,0.0,0.0,0.0,0.0,0.0,0.0,0.0,0.0,0.0,0.0,0.0,0.0
0.29162741475738585,0.14293345543345543,0.22056256021006687,0.3651088336151789,0.3989871480614884,0.4037728129173032,0.3269910838418173,0.4142621007664684,0.3782677913164379,0.3777975439244039,0.3885831209479531,0.4005901076692625,0.9040146590443328,0.6690647482014388,0.9185577945241136,0.21783079206943512,0.2629413139707795,0.019891655818407218,0.9968894124031067,0.9937788120121696,0.5714285714285714,0.224785361974438,0.6443263539495491,0.0,0.0,0.0,0.0,0.0,0.0,0.0,0.0,0.0,0.0,0.0,0.0,0.0,0.0
0.244217861443758,0.0,0.031348348409220884,0.38682193186393055,0.3660232075393622,0.2934566276127212,0.3981420482990186,0.37581105696560574,0.28967254877977117,0.3559454679905094,0.3965084315007663,0.3535644014813334,0.6210259923711419,0.8333333333333334,0.9542937362833053,0.2234812080860138,0.1885618083164127,0.010577375088847835,0.9985788464546204,0.9971576869284036,0.14285714285714285,8.988390246264517e-05,0.45562340173220917,0.0,0.0,,,,,,,,,,,,
0.3103276540835698,0.11363636363636363,0.02509102297144632,0.3081332660279428,0.42220395295130314,0.3609172804456971,0.42873378025043507,0.43069091209985927,0.43351140022102275,0.38061612923943067,0.3882002182141542,0.36441258165780704,0.6875782238009075,0.7611940298507462,0.9351041773164946,0.2098187804222107,0.38743241748251206,0.15009453065114295,0.8999644637107849,0.7999289335682989,0.42857142857142855,0.33877466992571104,0.5329247969242908,0.0,0.0,0.0,0.0,0.0,0.0,0.0,0.0,0.0,0.0,0.0,0.0,0.0,0.0
0.30105995138486225,0.09375,0.028550570425984023,0.29314499958672113,0.36839162379833823,0.3609832479257972,0.39477088480934525,0.3093898445375168,0.3544354949617316,0.31753629303005626,0.31939641961452275,0.36084871529093,0.6962469408288599,0.8070175438596491,0.9469683026155905,0.22092954814434052,0.6300183147521006,0.06386224832288664,0.9871983230113983,0.9743966212263331,0.2857142857142857,0.001933708098118056,0.5056548442556895,0.0,0.0,0.0,0.0,0.0,0.0,0.0,0.0,0.0,0.0,0.0,0.0,0.0,0.0
0.3069489300251007,0.036231884057971016,0.4223957895930862,0.4256360684286098,0.3575077607606887,0.44858932097161147,0.2807035799798929,0.36079092349532366,0.32941818930098493,0.37225199441360635,0.42859623390294677,0.38171744242483757,0.8574492684798315,0.7971014492753623,0.9464412812671186,0.19996559619903564,1.156986205937462,0.041240720790825115,0.9922114610671997,0.9844229273381643,0.42857142857142855,0.003026234056344676,0.557085346199732,0.0,0.0,0.0,0.0,0.0,0.0,0.0,0.0,0.0,0.0,0.0,0.0,0.0,0.0
0.4108031541109085,0.03333333333333333,0.18229503842455846,0.36758887017159536,0.37245752433768714,0.39242865215191713,0.4103732065125044,0.3809385197566435,0.4127743261030593,0.42463495437997206,0.41385217366171684,0.39184506301249045,0.6639016073119516,0.7435897435897436,0.9319977928457781,0.20533818006515503,0.5493936737734194,0.1295527492495022,0.9482294122378031,0.8964588326052763,0.14285714285714285,0.000775478110775449,0.5566185242589693,0.0,0.0,0.0,0.0,0.0,0.0,0.0,0.0,0.0,0.0,0.0,0.0,0.0,0.0
0.2853465750813484,0.0,0.019776191318855035,0.3862382243067596,0.35420746327823477,0.3637710700279614,0.38800394121173676,0.3965853346710128,0.4083351354503334,0.3648133106422623,0.35309451800040903,0.3190785895734459,0.7619789044217516,0.8666666666666667,0.9624077931717798,0.21825875341892242,0.05892556509887897,0.24976792391222,0.8499413132667542,0.6998826509031156,0.14285714285714285,7.438254964481032e-06,0.36786606571112307,0.0,0.0,0.0,0.0,0.0,0.0,0.0,0.0,0.0,0.0,0.0,0.0,0.0,0.0
0.3721478581428528,0.16666666666666666,0.018721616070209873,0.3216022824368402,0.27854010783286204,0.37614392145186026,0.39678675608368585,0.36864708799333185,0.380949978058807,0.34701818615783475,0.33612835863177515,0.41879635443256324,0.7938914533083637,0.6862745098039216,0.9042486604437607,0.2377425581216812,0.4242640687119285,0.0551257812751111,0.9894160330295563,0.9788320209190715,0.14285714285714285,0.0002882889727393259,0.4465115512953721,0.0,0.0,0.0,0.0,0.0,0.0,0.0,0.0,0.0,1.0,0.0,0.0,0.0,0.0
0.29850311763584614,0.11363636363636363,0.3430205004274013,0.3714564035773028,0.436821734148335,0.39627204014426853,0.41215732680794825,0.41751751924224706,0.40467930373260347,0.40084986654194554,0.41050614162768523,0.4044945272252775,0.6432804705575108,0.6666666666666666,0.902135669032104,0.21810446679592133,0.6573105289903118,0.03479717540018016,0.9939677238464355,0.9879354553529993,0.2857142857142857,0.0008294976102045122,0.5087872991173535,0.0,0.0,,,,,,,,,,,,
0.4149551064474508,0.29353741496598645,0.2013201733928953,0.34554516098801336,0.3602410438856669,0.3586121452226827,0.3296065522641663,0.3887771565872009,0.4544095894588004,0.3764795661954992,0.45061400631820014,0.4343334729261847,0.848978973304232,0.5882352941176471,0.8945164895474366,0.2097286731004715,0.29521408493718354,0.10401341956810926,0.9644210772080855,0.9288421582684598,0.14285714285714285,0.0005048928904264194,0.5428644708845333,0.0,0.0,0.0,0.0,0.0,0.0,0.0,0.0,0.0,0.0,0.0,0.0,0.0,0.0
0.2740378836169839,0.0625,0.20528362399946656,0.4322186627717326,0.5092653020628379,0.4841393290682649,0.5248973153106407,0.46791414530315084,0.4649073906451368,0.449108276949431,0.4192430220022564,0.34020700698985606,0.6907256479064624,0.86,0.9614463183050538,0.20478197932243347,0.32744302544296555,0.02335505860950809,0.9963761568069458,0.9927523260412272,0.42857142857142855,0.336779034323014,0.5368814406947838,0.0,0.0,0.0,0.0,0.0,0.0,0.0,0.0,0.0,0.0,0.0,0.0,0.0,0.0
0.1951206922531128,0.11363636363636363,0.3349075321545051,0.3955579872611069,0.37420076055474943,0.47952731344652055,0.47724845702669827,0.4770733214723748,0.44804160916957325,0.4138266645996339,0.4375984223191992,0.43439426094285877,0.7001930735539645,0.7777777777777778,0.9393419608877193,0.2154339998960495,0.1663780661615406,0.026773862379379464,0.9957195043563842,0.9914389702025801,0.2857142857142857,0.1278945084869048,0.49074508039487663,0.0,0.0,0.0,0.0,0.0,0.0,0.0,0.0,0.0,0.0,0.0,0.0,0.0,0.0
0.11303517657021682,0.05,0.19508570616405296,0.4613184667610305,0.527174774063414,0.3831681010168746,0.5178498284448256,0.5277952962564452,0.526421496857774,0.41743779744334875,0.4737330806345845,0.4387017723972654,0.766377302701585,0.8260869565217391,0.950098424747246,0.22747011482715607,0.463903666260839,0.18482717467985652,0.8914105147123337,0.7828210161678726,0.2857142857142857,0.5033320793031818,0.49083443838081786,0.0,0.0,0.0,0.0,0.0,0.0,0.0,0.0,0.0,0.0,0.0,0.0,0.0,0.0
0.17461008997634053,0.0625,0.030228844088795653,0.3524261417576484,0.34650576064025246,0.314154284377007,0.4027161682303843,0.375101272530534,0.3743023093164689,0.3599377846955771,0.3603210105479706,0.3790241426640037,0.697288224628816,0.8421052631578947,0.9574949102689213,0.208807110786438,0.11223917161691231,0.059782995566858774,0.9885059595108032,0.9770119116292335,0.14285714285714285,2.03406363189507e-05,0.4239974163607412,0.0,0.0,0.0,0.0,0.0,0.0,0.0,0.0,0.0,0.0,0.0,0.0,0.0,0.0
0.31247544661164284,0.2894736842105263,0.2177178810242023,0.4318878635710124,0.4676313141023322,0.4529585103560524,0.4539930614138344,0.43345693364180415,0.4495012333718475,0.41870619481160887,0.413779526861839,0.3476662429836758,0.7550842950431009,0.8,0.9429595503388948,0.21130874752998352,0.4545686450484948,0.010791945509846487,0.998557522892952,0.9971150663914159,0.2857142857142857,0.17050113508248926,0.5036713038288957,0.0,0.0,,,,,,,,,,,,
0.2165679708123207,0.2,0.05037270979520447,0.2562374308761943,0.29384694953740303,0.24405258206763442,0.2388029476567576,0.25561187260007584,0.19539029945810074,0.24363391468758308,0.2717414603303747,0.26714324776064663,0.7691266862054665,0.7560975609756098,0.9247126870847869,0.2431652992963791,0.30743773095067284,0.013230815004603436,0.9981852173805237,0.9963704622738684,0.14285714285714285,0.0017293173574718555,0.4317118662695927,0.0,0.0,,,,,,,,,,,,
0.21720541765292486,0.125,0.03589104697799694,0.30105048300062737,0.26787296402403843,0.3010504830006274,0.182334056048157,0.18553136771860756,0.22995579947936537,0.17723698797446058,0.14715881843261056,0.18233405604815728,0.6776975971336167,0.9259259259259259,0.9766490138119513,0.18589302897453308,0.3865071216705338,0.021089922562101175,0.9967457354068756,0.9934914333280176,0.14285714285714285,0.00015819161396020575,0.37580156599710185,0.0,0.0,,,,,,,,,,,,
0.18973742052912712,0.02631578947368421,0.14821781502028494,0.2638431835539352,0.21270169031298258,0.2609839481040265,0.3161927403728088,0.3302018719568604,0.3280044409219375,0.40245964365022624,0.3379205737057649,0.3763946132472108,0.7167103622108698,0.7222222222222222,0.9276808522413029,0.20770497620105743,0.34875177510680333,0.03772550371759432,0.9932525455951691,0.9865050971857272,0.2857142857142857,0.0009290247840140151,0.5104692524882698,0.0,0.0,0.0,0.0,0.0,0.0,0.0,0.0,0.0,0.0,0.0,0.0,0.0,0.0
0.24019156644741693,0.029411764705882353,0.18062335468519666,0.28327868521507116,0.2640281109330857,0.2388834919054786,0.23772227884310074,0.2710055717674395,0.22711596254834607,0.2767359232600838,0.28449329070234974,0.2787000642657514,0.7437807540719708,0.7543859649122807,0.9302875146839414,0.22163045406341553,0.6782042004440846,0.03280306268119584,0.9943069666624069,0.9886139517038828,0.2857142857142857,0.0017459441180503379,0.4799163072990807,0.0,0.0,0.0,0.0,0.0,0.0,0.0,0.0,0.0,0.0,0.0,0.0,0.0,0.0
0.0831017189969619,0.0,0.5395295665190966,0.42589603170721047,0.3514123647048642,0.3103714565834509,0.2583293030418228,0.3928639769228259,0.39213262510775465,0.35175784787259273,0.34667065372209516,0.3156617580990252,0.7476466880490382,0.8363636363636363,0.955408801693386,0.21682441234588623,0.4897278493158791,0.2070491763539174,0.9015335291624069,0.80306703975657,0.2857142857142857,0.0015303782287673828,0.5094491527142287,0.0,0.0,0.0,0.0,0.0,0.0,0.0,0.0,0.0,0.0,0.0,0.0,0.0,0.0
0.09323620051145554,0.0,0.38794626608437516,0.48088045220737785,0.4808804522073779,0.39469497383007546,0.41467579518455705,0.4007152777359315,0.4808804522073778,0.36643642511822955,0.40899835769491555,0.38610465425543433,0.7031763453657428,0.875,0.9614709844115208,0.22895590960979462,0.5752377473998044,0.0388448031702677,0.993526041507721,0.9870520991583666,0.2857142857142857,0.25323300650229913,0.4691045130020858,0.0,0.0,,,,,,,,,,,,
0.3858846299923383,0.13863277925777925,0.2116728998516757,0.35822012052818375,0.2801135847431526,0.30380476912832766,0.36830830161388534,0.3479295695789961,0.3081365577960686,0.38895829399043425,0.37902908800040336,0.35574454319899396,0.7408590247233708,0.6225490196078431,0.9108833745883493,0.20721535384655,0.4215593213002629,0.03357303927648784,0.993785342999867,0.9875706721546261,0.8571428571428571,0.13008759623521454,0.6205625291776519,0.07692307692307693,0.0,0.0,1.0,0.0,0.0,0.0,0.0,0.0,0.0,0.0,0.0,0.0,0.0
0.3579460208614667,0.25,0.019781342920709582,0.3392021577714129,0.33885892813658414,0.3522846433071752,0.3727229645461772,0.34857371832410894,0.38180573910566035,0.36040060264498897,0.33555019654176577,0.33274290898657366,0.7525667220043639,0.7954545454545454,0.9395269279378322,0.19350679218769073,0.28867513459481287,0.058557380272668685,0.9892316460609436,0.9784633012798926,0.2857142857142857,0.0025903890264150297,0.5985041528876593,0.0,0.0,0.0,0.0,0.0,0.0,0.0,0.0,0.0,0.0,0.0,0.0,0.0,0.0
0.26114371651783586,0.0,0.21200590760391788,0.40335853424255785,0.4046864553174117,0.32757443569787886,0.30896390861271916,0.32528128008281293,0.3602424260965205,0.3438674666571436,0.3214436125568765,0.31596877471522,0.7781944505249461,0.7222222222222222,0.9184197287740683,0.2215823382139206,0.9041693267631263,0.043661641675114764,0.9920964688062668,0.9841929295216687,0.42857142857142855,0.17054119090168707,0.5356439020318801,0.0,0.0,0.0,0.0,0.0,0.0,0.0,0.0,0.0,0.0,0.0,0.0,0.0,0.0
0.19634920917451382,0.08333333333333333,0.04510345163998682,0.3901722456865308,0.40374314642814707,0.3716773066315104,0.3986265895485772,0.3889883812049631,0.26358081398976013,0.3838179848241213,0.3673357016964338,0.2939758583556525,0.6452522687924405,0.8863636363636364,0.968123165206255,0.21768607199192047,0.7614996105085896,0.03064977511007652,0.9950504501660665,0.9901009084035953,0.14285714285714285,0.000334990047575767,0.455303912187889,0.0,0.0,0.0,0.0,0.0,0.0,0.0,0.0,0.0,0.0,0.0,0.0,0.0,0.0
0.33560525129238766,0.10277777777777777,0.24608905544712598,0.4405700326776844,0.45856971186473533,0.4599812126401749,0.4573369579397224,0.45634225802482337,0.398245485219715,0.4182474486771681,0.41291113402775187,0.36135920810244004,0.7369706021000941,0.8478260869565217,0.9568829427298079,0.1920817643404007,0.2893356505868944,0.033642661765846744,0.9943908154964447,0.9887816307891626,0.2857142857142857,0.169322108652787,0.44463913881410616,0.0,0.0,,,,,,,,,,,,
0.31153318534294766,0.06825396825396825,0.18705961962235926,0.4768835393387758,0.4456046982690199,0.5094035221807371,0.45295335389118724,0.4830216192121049,0.4023804433465323,0.42944718750380234,0.4681105411044802,0.4706466322993451,0.777359888702631,0.7692307692307693,0.9397792519756601,0.2040565311908722,0.6757643324830965,0.02132901527823654,0.9967920283476511,0.9935840863618068,0.42857142857142855,0.001806580740351517,0.5305335750372892,0.0,0.0,0.0,0.0,0.0,0.0,0.0,0.0,0.0,0.0,0.0,0.0,0.0,0.0
0.2837244849652052,0.15277777777777776,0.23397420304139455,0.3737038815500656,0.3890368508032987,0.45952898716368684,0.38525587065368117,0.41813937746473734,0.4477714315770661,0.44136453401654235,0.3919224888745473,0.41661338645429646,0.827406439022161,0.7727272727272727,0.9384605354909521,0.2112981230020523,0.2423866095585666,0.04730823939770133,0.9911728858947754,0.9823457793332636,0.14285714285714285,0.00039137265521652564,0.5343527891915089,0.0,0.0,0.0,0.0,0.0,0.0,0.0,0.0,0.0,0.0,0.0,0.0,0.0,0.0
0.3881220892071724,0.09615384615384616,0.02861240966763164,0.37104372405988256,0.27128911893353375,0.2865481861356163,0.38232245658415404,0.2413909041615733,0.27630561901055123,0.29005171114992473,0.28534554578716015,0.2998577719669151,0.5987288191914558,0.7543859649122807,0.9302875146839414,0.2205962985754013,0.18652854850741754,0.05088397498741882,0.9895319789648056,0.979063988168491,0.2857142857142857,0.1706421566960518,0.4868921957075143,0.0,0.0,0.0,0.0,0.0,0.0,0.0,0.0,0.0,0.0,0.0,0.0,0.0,0.0
0.0939713642001152,0.07894736842105263,0.06637882368942007,0.42943684625685286,0.5364759364091068,0.5287385971063738,0.5488561454761689,0.4603266215045861,0.45146731617362085,0.5104785976691422,0.4170375229363519,0.4576207000546749,0.7345649969143172,0.9148936170212766,0.9768976425794715,0.2272387593984604,0.5268638761782118,0.041873445651589146,0.9922821968793869,0.9845643906737678,0.14285714285714285,0.00020296589731767282,0.4496514018559216,0.0,0.0,0.0,0.0,0.0,0.0,0.0,0.0,0.0,0.0,0.0,0.0,0.0,0.0
0.263477648794651,0.09311868686868686,0.447206460390306,0.3676052864438133,0.31186738564765154,0.34620248806220294,0.337767903166149,0.3298388179432774,0.3182516721205377,0.3406687912937768,0.3020274044389582,0.32097710663906337,0.7471771264759203,0.7428571428571429,0.9300336927470476,0.22101782262325287,0.396402021117159,0.024088947715842763,0.9962418675422668,0.9924837373429909,0.42857142857142855,0.25426462874570394,0.533127192957439,0.0,0.0,,,,,,,,,,,,
0.2035097749903798,0.0,0.38605605070554483,0.34933368793144004,0.27724739921748487,0.24120425486050728,0.3239559016222227,0.239290952955396,0.3160111718719224,0.3174240023095618,0.3149728225895441,0.3201679866536407,0.7223365980976572,0.8333333333333334,0.9512205263134811,0.22378891706466675,0.06148754619013457,0.12506608399846486,0.9648441076278687,0.9296882322523743,0.14285714285714285,2.864655013216365e-06,0.3525208523079358,0.0,0.0,0.0,0.0,0.0,0.0,0.0,0.0,0.0,0.0,0.0,0.0,0.0,0.0
0.31563767045736313,0.19047619047619047,0.13195636953171888,0.3906716115559876,0.3645984660106823,0.364239785871594,0.4536310554094194,0.4176681812390788,0.4426439225408933,0.38072638937546655,0.3737791588589105,0.328765809283738,0.7162681522391116,0.703125,0.9153088493882792,0.20487406849861145,0.019372788525658838,0.0306156295444877,0.9948916673660279,0.9897833094000816,0.2857142857142857,0.2531110954660162,0.48414755642091395,0.0,0.0,,,,,,,,,,,,
0.08703649044036865,0.0,0.023652557596146522,0.17473344597235657,0.2510619645997871,0.27018783796295454,0.26456718368100907,0.30187160736110036,0.29076867358208347,0.25869482165798113,0.2506464645471114,0.24769196510373215,0.9057355216277453,0.7804878048780488,0.9332620561947168,0.20919908583164215,0.0,0.014065782229633584,0.9980431397755941,0.9960862860704461,0.14285714285714285,4.60864643624545e-06,0.35975076852510246,0.0,0.0,0.0,0.0,0.0,0.0,0.0,0.0,0.0,0.0,0.0,0.0,0.0,0.0
0.26659398525953293,0.058823529411764705,0.022920597146843857,0.34774258979905914,0.27414218254480316,0.22852211071802953,0.33424373596941476,0.4016710829794059,0.264886246127104,0.3169629360397077,0.32715919870825244,0.29568025461085246,0.8069985499993587,0.7166666666666667,0.918633021362586,0.21721211075782776,0.717985347050956,0.016618741700029513,0.9976000338792801,0.9952001000929158,0.42857142857142855,0.3389993896119703,0.5306026145130588,0.0,0.0,0.0,0.0,0.0,0.0,0.0,0.0,0.0,0.0,0.0,0.0,0.0,0.0
0.018177902325987816,0.0,0.35740862333060797,0.39297074767815976,0.3929707476781597,0.3929707476781597,0.38388700184685665,0.381616065389031,0.3929707476781598,0.39297074767815976,0.3872669921373922,0.36217046775801465,0.7355065057675044,0.696969696969697,0.8967503032122954,0.22709619998931885,0.0,0.03754658797903418,0.9933944344520569,0.9867888851634538,0.2857142857142857,0.5027934077650273,0.4191186604332143,0.0,0.0,,,,,,,,,,,,
0.47542211165030795,0.3174019607843137,0.015121499656176566,0.3503400024430467,0.3635412951930874,0.32869141878522273,0.30558498627124864,0.3172090660945696,0.3642234035626736,0.32304813123816756,0.3539051112148324,0.3721370432614509,0.6682543556205929,0.6190476190476191,0.8917641820832942,0.22001424431800842,0.13725270326150327,0.04823037042654466,0.9903751214345297,0.9807502298693483,0.2857142857142857,0.10333681157725225,0.5463539886342432,0.0,0.0,0.0,0.0,0.0,0.0,0.0,0.0,0.0,0.0,0.0,0.0,0.0,0.0
0.318271863895158,0.17658730158730157,0.022472251100983904,0.34417824127442553,0.42685006204013787,0.424962147265838,0.4364095366329771,0.4668451941331117,0.38029493667453884,0.3746011241069193,0.3728989253891072,0.25040929022633196,0.7016881301533431,0.7777777777777778,0.9393419608877193,0.21626003086566925,0.47093500442561265,0.04358326346225226,0.9921139776706696,0.9842279586591758,0.14285714285714285,0.0008041830063650635,0.5045864586821384,0.0,0.0,0.0,0.0,0.0,0.0,0.0,0.0,0.0,0.0,0.0,0.0,0.0,0.0
0.49769111508503555,0.18648829455718002,0.2792492349669715,0.306056802067453,0.29767046826631627,0.36600911884078824,0.26043729493482487,0.27398233240703546,0.31391252655271373,0.3565201819112114,0.36338678254848045,0.35915082405660315,0.5500007731840014,0.5117370892018779,0.8750405195663064,0.2247326672077179,0.2546229157951862,0.035916749511294796,0.9937780261039734,0.9875560299726203,0.42857142857142855,0.07362322060007742,0.6021111188579852,0.0,0.0,,,,,,,,,,,,
0.1650406988337636,0.0,0.019329451128094737,0.2754487880134645,0.30377205805338964,0.2654718811940071,0.29629741849919056,0.24153514108482876,0.3163033660989938,0.29993891254306493,0.3141631534736597,0.2606778875668673,0.5817481880852332,0.7272727272727273,0.9158462545681681,0.24984045326709747,0.3394112549695428,0.022973271566805228,0.9964450399080912,0.992890086529466,0.2857142857142857,0.5033641850610562,0.48456730539866016,0.0,0.0,,,,,,,,,,,,
0.17205989360809326,0.0,0.3508282742469942,0.40531468451533115,0.36108154042000784,0.3986862050738123,0.4040601034622677,0.36797144279992694,0.4504670155941354,0.3193167754661968,0.3227400831025447,0.3293486776481866,0.6761823177958528,0.7714285714285715,0.9270082166367786,0.242642343044281,0.6889758380792002,0.02434871809492305,0.9962466557820638,0.9924933410560092,0.2857142857142857,0.5032941092165675,0.5693312415667015,0.0,0.0,,,,,,,,,,,,
0.38100393414497374,0.09375,0.11577762671646467,0.3501787902292939,0.35290485714960784,0.38955687320606786,0.42795700783093293,0.39724141945426666,0.4113388150045814,0.41057622258659626,0.4356879735863246,0.36592353991760174,0.7094925183337182,0.6373626373626373,0.9001484095614787,0.21533018350601196,0.3019396174648893,0.02635038017827854,0.9957279307501656,0.9914558627642691,0.2857142857142857,0.17009444437183904,0.501596759348685,0.0,0.0,,,,,,,,,,,,
0.47480930015444756,0.18181818181818182,0.6095501323437501,0.31191480966998075,0.33634141620390606,0.3270410353224936,0.3108884973482485,0.3461279431555621,0.30643805206098856,0.312642490447427,0.32196735345916966,0.3039456271873851,0.634920631783704,0.6142857142857143,0.8853017130552937,0.23680205643177032,0.39888074836164217,0.024208438221464297,0.996165108680725,0.9923301916569471,0.2857142857142857,0.12850969685268943,0.5044509182105721,0.0,0.0,,,,,,,,,,,,
0.48746447414159777,0.15277777777777776,0.352396075622141,0.3969434602985122,0.39915108271658833,0.31066813314705294,0.35447730524560334,0.38630425884552966,0.40272267417421853,0.38747094493503675,0.376581796235726,0.3954343379241529,0.669163225684315,0.5188679245283019,0.8593085712842315,0.2130858153104782,0.18340777703448058,0.035679234155045536,0.9938881546258926,0.987776297290111,0.42857142857142855,0.0020906490422830486,0.5713272256266833,0.14285714285714285,0.0,,,,,,,,,,,,
0.2833874225616455,0.21428571428571427,0.11555421399966015,0.3035322195685002,0.33661422888725717,0.3309260388345572,0.33161539373227594,0.32321815411318694,0.32830123217226126,0.38682683289833464,0.3894512690633957,0.2615877330466931,0.7942501708709945,0.6176470588235294,0.8858070370859464,0.24053676426410675,0.145047544858779,0.016284983255937597,0.9976774096488953,0.9953548381105065,0.14285714285714285,0.0013175505437212705,0.4721536214847748,0.0,0.0,0.0,0.0,0.0,0.0,0.0,0.0,0.0,0.0,0.0,0.0,0.0,0.0
0.2850966453552246,0.125,0.15524985206366984,0.3434629072735981,0.35645255396531383,0.3288893494006312,0.335652724866118,0.3873776355868855,0.37744417900884786,0.37938031849540726,0.37881414706451666,0.37983604660093606,0.5806058914711077,0.6333333333333333,0.8884416307532699,0.22648213803768158,0.22727272727272727,0.05722537561323722,0.9870901942253113,0.9741804057499394,0.42857142857142855,0.25340722004147964,0.5539367683040964,0.0,0.0,,,,,,,,,,,,
0.40634002070873976,0.17647058823529413,0.19139401837456782,0.4588203195962205,0.4093120473989826,0.38950873597212954,0.3919870148773801,0.40457878632505806,0.41560817016981705,0.3787755253275441,0.45246606964823055,0.47793271784301766,0.7056128666580965,0.6875,0.90321002490296,0.23668554425239563,0.08318903308077029,0.05321061128950215,0.9880006164312363,0.9760012264887337,0.14285714285714285,0.00014051906019390913,0.4394307396958365,0.0,0.0,,,,,,,,,,,,
0.5315424831850188,0.2762776331855279,0.12642428495895106,0.30916514730942235,0.2950171622529911,0.2601259121445251,0.23251407573790123,0.3440639666715666,0.32935029589742937,0.3343579302671237,0.339459143296491,0.37850833953322793,0.6696607873464624,0.4723618090452261,0.858309682270466,0.23672352731227875,0.15457198991169852,0.03457599676102916,0.994009120123727,0.9880182582169904,0.14285714285714285,4.4138729849074e-05,0.5304248454940705,0.0,0.0,,,,,,,,,,,,
-0.03850388526916504,0.0,0.07554922113880913,0.2844819294030134,0.25548247765170645,0.240982751776053,0.23228291625066105,0.22648302590039962,0.19475605341557198,0.18906295114343435,0.12732154323140224,0.14643165831208044,0.6428551916653912,0.7931034482758621,0.9311609000928631,0.2217896282672882,0.0,0.0294703230068307,0.9952247440814972,0.9904494599904865,0.14285714285714285,0.00033060440864949187,0.4032804948131123,0.0,0.0,,,,,,,,,,,,
0.2471977323293686,0.041666666666666664,0.026139503568157953,0.3746788549188802,0.35368258364942773,0.3273878023670512,0.41876784208096796,0.3694712859912073,0.40478510987908406,0.42971029985096865,0.40148527237195825,0.4110791498634298,0.5551690519476931,0.5555555555555556,0.8581299659028823,0.24149931967258453,0.21570955529344998,0.024095714659281658,0.9961207151412964,0.9922414239728823,0.14285714285714285,5.3642370240870804e-05,0.455433854945226,0.0,0.0,0.0,0.0,0.0,0.0,0.0,0.0,0.0,0.0,0.0,0.0,0.0,0.0
0.23730302602052689,0.08823529411764706,0.019418264368875577,0.35681192208135326,0.35284086286432975,0.3420770600732804,0.3128531311984096,0.34543185429425965,0.33293069691833604,0.32628941570131537,0.36109164564782276,0.34213714584705957,0.5832036446081474,0.7115384615384616,0.9138686878926854,0.22993147373199463,0.025712973861329,0.015367487390433617,0.9978273510932922,0.9956546995381359,0.2857142857142857,0.17062249391205744,0.477443775715708,0.0,0.0,,,,,,,,,,,,
0.5533467199254248,0.22610930055783,0.08901408571935157,0.30264546252585534,0.30942475504686545,0.30204035077373703,0.28100554611112305,0.31853799867256577,0.299012789633005,0.31116961859505377,0.3384229857950374,0.3396038904263424,0.6217766458479067,0.4885057471264368,0.8611365838948682,0.213205948472023,0.20769758355649998,0.13594391343131615,0.944614996512731,0.8892300066363532,0.2857142857142857,0.22524687676373384,0.6146218169627237,0.0,0.0,,,,,,,,,,,,
0.34623350482434034,0.128464276633613,0.15749151856863874,0.29265090983349695,0.2832949916438397,0.28135326254150456,0.2635676986895791,0.3008888715492907,0.3031321348837638,0.3193985329754686,0.2950821446555929,0.2904826518052432,0.6754578973632306,0.4827586206896552,0.8468024227806389,0.2290855348110199,0.3256709158896819,0.04811587906095677,0.9897002205252647,0.9794004419527482,0.42857142857142855,0.20433809473048095,0.5743768614248504,0.0,0.0,0.0,0.0,0.0,0.0,0.0,0.0,0.0,0.0,0.0,0.0,0.0,0.0
0.21595819853246212,0.2692307692307692,0.0147427192217268,0.2422859422789104,0.252276523450825,0.24244782443210747,0.25523243822405295,0.18392386226596058,0.241347926105943,0.2268951305943335,0.21897918915902131,0.2553007786681812,0.6771807343699038,0.6666666666666666,0.8915192755066496,0.21442043781280518,0.128564869306645,0.029239174071606627,0.9953253666559855,0.9906507652873794,0.2857142857142857,0.0006008258342297814,0.4383320916199009,0.0,0.0,,,,,,,,,,,,
0.12377896369434893,0.0,0.022519308476384874,0.25872293400242696,0.24364368004919812,0.2548371342501967,0.2872248950544156,0.2962560453294681,0.2845827775588804,0.2586601213927755,0.27263199722389697,0.2696479013547656,0.6914442806815108,0.6590909090909091,0.8898327398301858,0.22990816831588745,0.6318826555284042,0.05108156781103601,0.9904406468073527,0.9808812691674879,0.14285714285714285,1.9785886436727492e-05,0.3763992777078851,0.0,0.0,,,,,,,,,,,,
0.2630213648080826,0.16666666666666666,0.19114334306111988,0.48052856882223444,0.42772958499372055,0.4470843012452028,0.4979270070739495,0.4692014351079728,0.5253286161578717,0.41856844100600343,0.42438388465181576,0.3946150250792805,0.5451375000178814,0.84,0.9554314003514671,0.21842634677886963,0.052378280087892415,0.03790187080979048,0.9930606782436371,0.9861213508702349,0.14285714285714285,0.0005841975182823794,0.47752583584227276,0.0,0.0,0.0,0.0,0.0,0.0,0.0,0.0,0.0,0.0,0.0,0.0,0.0,0.0
0.30564480274915695,0.039473684210526314,0.3300923838292806,0.31171580532743115,0.3547838748610403,0.3987584636550109,0.361822035419554,0.37460242331703913,0.3508411776121489,0.32056025345712946,0.386002174853346,0.33897624962520406,0.7263087156073501,0.6507936507936508,0.8963194083574123,0.23802527785301208,0.22591967055246226,0.03515365103578363,0.9937998414039612,0.9875996907474474,0.14285714285714285,0.00038788372424306157,0.48378697686260724,0.0,0.0,0.0,0.0,0.0,0.0,0.0,0.0,0.0,0.0,0.0,0.0,0.0,0.0
0.4948757700622082,0.25492424242424244,0.015298711447844482,0.37882899419111565,0.29353067714161407,0.34967944796350514,0.32685613278796755,0.31280638905586594,0.2824713179921338,0.3338436256631448,0.4121391873755536,0.37646422475724267,0.6567979307845235,0.6438356164383562,0.8973741983864372,0.22487924993038177,0.18013876028871706,0.17601299427428818,0.9332286953926087,0.866457425779663,0.2857142857142857,0.2522379762666987,0.5700090991890302,0.0,0.0,0.0,0.0,0.0,0.0,0.0,0.0,0.0,0.0,0.0,0.0,0.0,0.0
0.22575919260270894,0.0,0.020073471659699416,0.2788515513768065,0.3093990287083836,0.26123382383448307,0.2865767535393675,0.3204440836022417,0.3470839898801144,0.28463661222316355,0.2787018577193481,0.30817711434483364,0.7846580139749373,0.6724137931034483,0.9022566347105647,0.21243709325790405,0.2743996464306005,0.020209215632826016,0.9969437122344971,0.9938874215877149,0.14285714285714285,2.5790624615247246e-05,0.42662137688924867,0.0,0.0,0.0,0.0,0.0,0.0,0.0,0.0,0.0,0.0,0.0,0.0,0.0,0.0
0.2803660831414163,0.23223039215686278,0.07951701033102644,0.24277583446816495,0.26716775012042454,0.2368090258148165,0.26176716325252003,0.2684222564994566,0.2971944188027851,0.2973063066473543,0.3080604318068008,0.3353390135885284,0.5309301759426792,0.5054945054945055,0.8487609492066529,0.23259305953979492,0.2549072291642166,0.04082143702729465,0.9924159546693166,0.9848318798079466,0.14285714285714285,2.8052991617176153e-05,0.46652787648867217,0.0,0.0,0.0,0.0,0.0,0.0,0.0,0.0,0.0,0.0,0.0,0.0,0.0,0.0
0.46411002352833747,0.35238095238095235,0.24984206253134633,0.3298110622253549,0.31292798130466376,0.3335859736408369,0.31753078306495486,0.3278031881994501,0.3230687853387625,0.3320076604912212,0.2871956332107908,0.314128161153775,0.6860518114641309,0.549618320610687,0.8772293377056402,0.22061455249786377,0.21210840402941397,0.03624651399413362,0.9938144948747423,0.9876290008865504,0.5714285714285714,0.31730587022236467,0.584955805547516,0.125,0.0,0.0,0.0,0.0,0.0,0.0,0.0,0.0,0.0,0.0,0.0,0.0,0.0
0.19169549643993378,0.2727272727272727,0.014742236540214967,0.3110125997099831,0.26713771341065223,0.3263523270712715,0.31678854799306616,0.30754659512962096,0.31464007745025274,0.3345352458039359,0.331467353821232,0.34723479214993336,0.6781688623130322,0.7380952380952381,0.9187508675692698,0.21842516958713531,0.30743773095067284,0.23173863878601111,0.8819464842478434,0.7638929864236464,0.14285714285714285,0.00029330594512882134,0.47264167786731787,0.0,0.0,0.0,0.0,0.0,0.0,0.0,0.0,0.0,0.0,0.0,0.0,0.0,0.0
0.3158857598900795,0.17307692307692307,0.04286574223953411,0.40777272336222226,0.37000433938466887,0.3485545589761274,0.4493824812727582,0.4397516832006192,0.4662145690963491,0.4455282038574127,0.39829369721353436,0.3541812696192651,0.7708020164165645,0.7213114754098361,0.9205316823018733,0.25225237011909485,0.4968858462391955,0.054082998599697577,0.9896988272666931,0.979397649364546,0.14285714285714285,7.573915493022158e-05,0.4522869422500962,0.0,0.0,0.0,0.0,0.0,0.0,0.0,0.0,0.0,0.0,0.0,0.0,0.0,0.0
0.2613929267972708,0.25,0.015427369480416753,0.3733771659135519,0.336446006914487,0.3518016923629551,0.31403729169049277,0.3468406902826489,0.36264479505713426,0.3405957893884225,0.38616813685696794,0.39186543768626214,0.7055899422460546,0.6231884057971014,0.8883102282877792,0.2279094010591507,0.3582674358011841,0.02405388063527921,0.9961489558219909,0.9922979111084714,0.14285714285714285,3.094420968887294e-05,0.48065662868284664,0.0,0.0,0.0,0.0,1.0,0.0,0.0,0.0,0.0,0.0,0.0,0.0,0.0,0.0
0.5274679284542799,0.3327089577089577,0.1627315368393856,0.3117454960946544,0.327144383249614,0.3518254307077224,0.3283153811579071,0.3407355917955113,0.3373845825918204,0.3292502960093784,0.28006878966918936,0.29070814201275313,0.6570332358280818,0.5978260869565217,0.8862274555631021,0.21664981544017792,0.2750639032872768,0.04417211985558955,0.9921882053216299,0.9843764132432019,0.42857142857142855,0.2041405348993371,0.5273289341169163,0.0,0.0,0.0,0.0,0.0,0.0,0.0,0.0,0.0,0.0,0.0,0.0,0.0,0.0
0.4462943337857723,0.13076923076923078,0.015263025606696153,0.22661933831305692,0.37061409346582713,0.2548000218952483,0.2829008010358641,0.261840755135257,0.27231735328604617,0.3090333988040282,0.375314866113722,0.35230145937544866,0.5464718021297207,0.6067415730337079,0.8886850522049123,0.22115668654441833,0.22174935814297841,0.09131475171387327,0.9758047560850779,0.9516094930974456,0.2857142857142857,0.0007417601997350398,0.5160502409672408,0.0,0.0,,,,,,,,,,,,
0.30091053154319525,0.08333333333333333,0.18256240404996762,0.22733497777773723,0.22353635321368967,0.3262108591910629,0.2907517041314312,0.3152482885059528,0.32863522504078013,0.2642756596960504,0.34188971482953817,0.32196027675754124,0.5913924335346867,0.7307692307692307,0.9206180177193294,0.2110154628753662,0.37216146378239345,0.026171039250462824,0.995686948299408,0.991373850760283,0.2857142857142857,0.17193224278441113,0.45121127014440215,0.0,0.0,,,,,,,,,,,,
0.30357323959469795,0.45,0.013591943695327938,0.2565005990027045,0.2304584785278803,0.247993131542795,0.23296222135393205,0.2415701287263151,0.2824847830382262,0.14181207278304853,0.2658488283880155,0.30848969770784956,0.7804759672532479,0.6382978723404256,0.8833940236866503,0.22150443494319916,0.40024912142634766,0.03256070941657588,0.9942667881647745,0.9885336076840758,0.2857142857142857,0.2517747129451082,0.4998937872817384,0.0,0.0,0.0,0.0,0.0,0.0,0.0,0.0,0.0,0.0,0.0,0.0,0.0,0.0
0.1278223991394043,0.0,0.016598825866434425,0.45297868088320736,0.4096383134729531,0.39239849851171094,0.3662497201774419,0.38306987210849014,0.2398895849495606,0.29053410582057526,0.3665154315270582,0.4546115368653316,0.6644866721549382,0.7547169811320755,0.9291204612744928,0.2185228019952774,0.12405382126079782,0.0953615055497005,0.971236452460289,0.9424729137972463,0.2857142857142857,0.33546637759858,0.5319233910617598,0.0,0.0,0.0,0.0,0.0,0.0,0.0,0.0,0.0,0.0,0.0,0.0,0.0,0.0
0.4363624855875969,0.12376893939393939,0.17273649887634146,0.37311477161605533,0.3503986498029989,0.3764037138644235,0.37021390883586636,0.3560435743875505,0.3781472780252244,0.36391476535442135,0.370357088227441,0.329952805620768,0.5299304878960053,0.5793103448275863,0.8903061783426375,0.2262132316827774,0.43513264916303207,0.05184501890810704,0.9891980350017547,0.9783960773609579,0.2857142857142857,0.11383815496259354,0.5519824747822727,0.0,0.0,,,,,,,,,,,,
0.12595511227846146,0.0,0.40567138250309265,0.33898344228902877,0.3350377268827566,0.31795051599385893,0.30686648346263035,0.3092028566980936,0.3252978887294575,0.3193207856485313,0.316024719960288,0.3351417728078122,0.5807986828808983,0.7222222222222222,0.9091891500998095,0.21177983283996582,0.13468700594029479,0.01440727949533411,0.9979642033576965,0.9959283883993825,0.2857142857142857,0.256473531082389,0.41240754006707325,0.0,0.0,,,,,,,,,,,,
0.24852754175662994,0.19444444444444445,0.2441694575212777,0.38015695765955404,0.3975014224347278,0.40809110447778896,0.4274543793441653,0.3893603684532568,0.41345129371455647,0.3882304126844936,0.4206169290105739,0.40025396449238454,0.6816030794987455,0.6129032258064516,0.8813830179379154,0.24023735523223877,0.29998469504883835,0.03014277115554633,0.9946905374526978,0.9893810643348843,0.42857142857142855,0.37876441304220354,0.5272635445861901,0.25,0.0,,,,,,,,,,,,
0.2323373667895794,0.25,0.1824093252689358,0.3752118685592752,0.34811594464331524,0.40685079712526245,0.34991186495860116,0.2506111903285231,0.36332523671020617,0.3963936666771639,0.39623557072440974,0.4115586881570894,0.6004613036251006,0.7,0.9088259594987488,0.2342289537191391,0.5069822204733737,0.028291056987697454,0.995182141661644,0.9903643161815125,0.14285714285714285,0.000208825774424469,0.44671533699654414,0.0,0.0,0.0,0.0,0.0,0.0,0.0,0.0,0.0,0.0,0.0,0.0,0.0,0.0
0.2885752096772194,0.2647058823529412,0.025334597797157094,0.2750929187711586,0.2167177749741611,0.28006916094127277,0.253716484767434,0.33478526812517706,0.23957447430979098,0.26494334466460395,0.3076695406895937,0.2900424786374935,0.5562140699476004,0.6909090909090909,0.9077323974785401,0.2296568602323532,0.048765984909417075,0.011710087736192934,0.9984221309423447,0.9968442458193749,0.2857142857142857,0.17034643189097198,0.45652841417766044,0.0,0.0,,,,,,,,,,,,
0.2277355631813407,0.15,0.0158889137786965,0.2657238150337369,0.2211287661521413,0.24750657659944317,0.1839792770065159,0.2943627769733902,0.2636209887147226,0.2594089895184775,0.28195921744056796,0.3282919454895913,0.5579480801398555,0.775,0.9309025266888221,0.22212468087673187,0.40406101782088427,0.04536128721541836,0.9918875098228455,0.983775032684207,0.2857142857142857,0.001668608535341648,0.5046537532268033,0.0,0.0,0.0,0.0,0.0,0.0,0.0,0.0,0.0,0.0,0.0,0.0,0.0,0.0
0.028175268322229385,0.0,0.43356039524446643,0.3923697196256698,0.38314286274520715,0.39236971962566974,0.38683360549739215,0.3739160058647446,0.20423922160343327,0.36557173363396156,0.3552688830288821,0.31470699801363783,0.6658888202315817,0.75,0.9169925001442313,0.255110502243042,0.0,0.03472479427258542,0.9937341610590616,0.9874683342253169,0.14285714285714285,6.41100957651019e-05,0.40572576102224195,0.0,0.0,0.0,0.0,0.0,0.0,0.0,0.0,0.0,0.0,0.0,0.0,0.0,1.0
0.3515884919712941,0.2142857142857143,0.43554688878183756,0.2846040370465598,0.3402771895079262,0.3260738055490468,0.3204977379869193,0.3099842237958239,0.3029980535145112,0.30247146041854844,0.31273077945331074,0.3194587729048456,0.6557528805918992,0.5151515151515151,0.841682845424765,0.22618412971496582,0.18981378713083585,0.019997686047871888,0.9969511032104492,0.993902193987742,0.14285714285714285,4.0456008004842295e-06,0.43252514275506776,0.0,0.0,,,,,,,,,,,,
0.2240811452269554,0.06818181818181818,0.2263899832236716,0.3554785812253326,0.3467808415289346,0.34207184477817654,0.3989842300544174,0.3460873533093643,0.3771604293433995,0.35948597445584846,0.40740779022864887,0.369531380112638,0.7410536887589843,0.581081081081081,0.8738715689110382,0.22229987382888794,0.3866780188485389,0.1459277436713253,0.9147585928440094,0.8295171884431815,0.14285714285714285,0.00017836403271775212,0.4717381864575332,0.0,0.0,,,,,,,,,,,,
0.18859934248030186,0.0,0.19262559331167703,0.3698292996319027,0.42335680864131126,0.3961093929996968,0.3010226425421206,0.430555348592282,0.35876388627836986,0.4066070958081165,0.3928866244078644,0.4135525295263228,0.6567039451018597,0.723404255319149,0.9159026846269256,0.2260149121284485,0.08004982428526952,0.055603175080111644,0.9887671023607254,0.9775342140346766,0.14285714285714285,0.00018031779063972328,0.4430869000033169,0.0,0.0,0.0,0.0,0.0,0.0,0.0,0.0,0.0,0.0,0.0,0.0,0.0,0.0
0.2771261993329972,0.07142857142857142,0.21082290789009886,0.3986186535276935,0.45333218544415493,0.4340163008144735,0.44306772213410844,0.3615889075061849,0.41721898460086904,0.36304784662462475,0.4207190272251533,0.4182813903987005,0.6868429296960433,0.6792452830188679,0.9025832398429424,0.22772493958473206,0.024810764252159563,0.0355846277861514,0.9935321062803268,0.987064225715585,0.42857142857142855,0.340999605084056,0.515379558994838,0.3333333333333333,0.0,,,,,,,,,,,,
-0.04171574488282204,0.0,0.06836433096093254,0.4207397306909016,0.4246222818272371,0.4234939748236747,0.3951954241444803,0.418460341578961,0.4076454162618354,0.4400637357425464,0.39291961110810214,0.37749609371023596,0.7119778876813749,0.717391304347826,0.9132502105506185,0.24050848186016083,0.0,0.11141363443369576,0.9723176509141922,0.9446353217936121,0.5714285714285714,0.5036778685094538,0.546781370418132,0.0,0.0,0.0,0.0,0.0,0.0,0.0,0.0,0.0,0.0,0.0,0.0,0.0,0.0
0.5651681489414639,0.3834837344028521,0.07868444825478686,0.3013735166670123,0.23649339896894697,0.2664609446957444,0.31539589263368617,0.34919139976317015,0.2958419788251994,0.3692243906912567,0.3597885969740075,0.4153207481665612,0.6827854348346591,0.45408163265306123,0.8504241873340672,0.22713296115398407,0.28880689558327716,0.042993978292245,0.99171901174954,0.9834380173415411,0.8571428571428571,0.27599961067487044,0.6349020127871138,0.0,0.0,,,,,,,,,,,,
0.2388717345893383,0.0,0.01635609801167152,0.252346173760112,0.22177540946666693,0.2073557683324198,0.21463243974479962,0.2617669036206869,0.26985280410731294,0.26792034426560984,0.27075687586435393,0.2540932663058725,0.6381090076640248,0.7317073170731707,0.915882961356025,0.23034882545471191,0.282842712474619,0.03849872904818274,0.9933976531028748,0.9867953150145089,0.14285714285714285,0.00010785544601735914,0.39638556624533106,0.0,0.0,,,,,,,,,,,,
0.23910197615623474,0.075,0.10194385124297622,0.316063293466866,0.3293096290533186,0.3537590721506895,0.3991464063161791,0.37247407148841477,0.37088065559795036,0.33443464544527823,0.36143653445602486,0.3778503117953766,0.6339010326036563,0.7111111111111111,0.9104395023496913,0.2359786331653595,0.32635697593225266,0.043688456474578446,0.9920969158411026,0.9841938390454743,0.14285714285714285,0.00010101762874036547,0.4163962512015468,0.0,0.0,,,,,,,,,,,,
-0.022189931944012642,0.0,0.0203171086568175,0.3437387250803064,0.3134692895301881,0.23765050675494237,0.24024615008081746,0.3536112665123154,0.36618563727636355,0.30153523245655756,0.30180093101551375,0.26570526885475987,0.6977562957908958,0.813953488372093,0.9452695820822632,0.2390686422586441,0.0,0.028336578857027117,0.9951359430948893,0.9902718717154736,0.14285714285714285,2.041763644394832e-05,0.3911681628792094,0.0,0.0,0.0,0.0,0.0,0.0,0.0,0.0,0.0,0.0,0.0,0.0,0.0,0.0
0.29785502539016306,0.32142857142857145,0.03345575773291587,0.3702379031031545,0.3547723366696826,0.3566402319076549,0.3679777350493295,0.3742487885625498,0.3904774520195841,0.41576832054584956,0.41337349113738564,0.40498705172814625,0.7479804255378742,0.52,0.8328418655771438,0.22200383245944977,0.1885618083164127,0.019327122536161142,0.9971585720777512,0.994317108852556,0.2857142857142857,0.0006092490423139807,0.4497942215445796,0.0,0.0,,,,,,,,,,,,
0.29190171137452126,0.03125,0.09271654841537762,0.2711875680189414,0.3178119315164197,0.3382619450299248,0.35639125389826887,0.3549156795623433,0.3540898844298355,0.3185827435075657,0.4004704553893341,0.3832804294563287,0.5483147985612352,0.6233766233766234,0.891200372703593,0.23435544967651367,0.4827586206896552,0.031559738703881506,0.9945830206076304,0.9891660585223386,0.2857142857142857,0.2032651043138385,0.5319558828011252,0.0,0.0,,,,,,,,,,,,
0.27026194085677463,0.35714285714285715,0.3238624625849204,0.33576575551874055,0.3531269614077937,0.43809892729669964,0.4589674382902434,0.4234284659776455,0.3443170192425575,0.442321347073072,0.32131520420197246,0.3106730846591169,0.5874626668790977,0.6153846153846154,0.8836936334865167,0.22179698944091797,0.423238850741316,0.06690957851957571,0.9844828844070435,0.9689657822018489,0.2857142857142857,0.2544598511320955,0.48860065144467213,0.0,0.0,,,,,,,,,,,,
0.3400505327930053,0.16968325791855204,0.019621418901486776,0.37997094715973007,0.36876598582530634,0.3903461991851155,0.369105389844156,0.38679548688777515,0.34787109658908477,0.3712691350043465,0.40198888241883757,0.3439344974441549,0.6384976687841117,0.6716417910447762,0.905336687922196,0.23766040802001953,0.43726188344225503,0.048286046223662546,0.9911916851997375,0.982383370725438,0.42857142857142855,0.2551238871491473,0.5669018556294206,0.0,0.0,0.0,0.0,0.0,0.0,0.0,0.0,0.0,0.0,0.0,0.0,0.0,0.0
-0.010827876627445221,0.0,0.061306341915355334,0.4239113491055081,0.4424644772065613,0.33053166604269313,0.21833011940679786,0.3381376842866943,0.3149285154353648,0.30699916456011916,0.346033262423104,0.32980570378523655,0.5437884492178758,0.8378378378378378,0.9510011824030876,0.23361104726791382,0.0,0.24071410352045772,0.8814816872278849,0.7629633926553652,0.42857142857142855,0.002427997415988476,0.5839153259522217,0.0,0.0,,,,,,,,,,,,
0.12034835014492273,0.047619047619047616,0.022882069329317817,0.30303143135867794,0.3827920257660404,0.30908500957192425,0.33967992059602825,0.41759125625052684,0.37410815699855177,0.260682219293286,0.3861341359302925,0.36504203453892226,0.5559506118297577,0.7666666666666667,0.9351048350486648,0.22942033410072327,0.5745242597140698,0.02643920341788487,0.995684951543808,0.9913699138851371,0.42857142857142855,0.33694535374468304,0.5281990806732345,0.0,0.0,,,,,,,,,,,,
0.18016836792230606,0.06666666666666667,0.18856780286879737,0.42340443603819344,0.38851899058772127,0.32965396049080137,0.41422228818502926,0.44909291809662283,0.4632510494265284,0.4456790860625499,0.4727224635184553,0.4225463082812416,0.6525793784298003,0.7708333333333334,0.9327642513188371,0.21820546686649323,0.21757131728816848,0.03557756938315697,0.9937707334756851,0.9875414297566749,0.14285714285714285,2.6975439099686013e-05,0.4242897944116702,0.0,0.0,0.0,0.0,0.0,0.0,0.0,0.0,0.0,0.0,0.0,0.0,0.0,0.0
0.5348339320884811,0.21742415570540574,0.4501835451910804,0.3256953586767078,0.3956575541145551,0.28843271382768515,0.32603973805995423,0.34481356999988133,0.3781655406390754,0.3699964699367776,0.3729332974887626,0.3806450274276573,0.6853860865191866,0.525,0.8783845942376372,0.22074800729751587,0.21174536954468928,0.04519883253299073,0.9911912551948002,0.9823825011179517,0.42857142857142855,0.18488667211516505,0.6433611252045917,0.0,0.0,,,,,,,,,,,,
0.20442572981119156,0.11538461538461539,0.2306305752548964,0.4303435258433208,0.4331449958030207,0.40208527308285863,0.3849125341408854,0.34654446298227953,0.3897942241645764,0.3721750603988324,0.40880640724887535,0.4130229557212736,0.7596771409269423,0.6041666666666666,0.8698323389817366,0.22602444887161255,0.1386483884679505,0.06468492755583152,0.9848461151123047,0.9696922613075003,0.2857142857142857,0.17124612202580358,0.5071474974620869,0.0,0.0,0.0,0.0,0.0,0.0,0.0,0.0,0.0,0.0,0.0,0.0,0.0,0.0
0.25816601142287254,0.14285714285714285,0.1445410308034862,0.4035668208201867,0.4098568176098079,0.3991659796161803,0.42086179472530094,0.36653144123662806,0.3665728858954496,0.3952328984375103,0.3599728566022201,0.4013082572087957,0.7481334405951202,0.6666666666666666,0.902135669032104,0.242005854845047,0.24243661069253056,0.01775816479675122,0.997365391254425,0.9947307900292799,0.14285714285714285,0.0005034476013013987,0.4742111871073578,0.0,0.0,0.0,0.0,0.0,0.0,0.0,0.0,0.0,0.0,0.0,0.0,0.0,0.0
0.4945171932793326,0.26333943833943835,0.12516418502598425,0.27106347474605963,0.22214187300920185,0.3169134817640863,0.3527507008075953,0.32954022917080633,0.3242488478806715,0.3326177686041969,0.3519205225567717,0.35949966974486197,0.5848925097799692,0.4696969696969697,0.857104882723361,0.2184525728225708,0.2779794127588159,0.059757647827950976,0.9864511915615627,0.9729023694942173,0.7142857142857143,0.31310920299273914,0.6291105352020017,0.15384615384615385,0.0,,,,,,,,,,,,
0.418873926003774,0.03333333333333333,0.18229503842455846,0.36758887017159536,0.37245752433768714,0.39242865215191713,0.4103732065125044,0.3809385197566435,0.4127743261030593,0.42463495437997206,0.41385217366171684,0.39184506301249045,0.6984059043747725,0.7435897435897436,0.9319977928457781,0.20596109330654144,0.5493936737734194,0.12954513784673188,0.9482309718926748,0.8964619634207338,0.14285714285714285,0.0007613895541111581,0.5555510012965723,0.0,0.0,0.0,0.0,1.0,0.0,0.0,0.0,0.0,0.0,0.0,0.0,0.0,0.0
